-	Aaltio	-	proper	3	-	-	-	-	-
-	Aalto	-	proper	1	lt:ll	-	-	-	-
-	Aaltola	-	proper	12	-	-	-	-	-
-	Aaltonen	-	proper	38	-	-	-	-	-
-	Aarni	-	proper	5	-	-	-	-	-
-	Aarnio	-	proper	3	-	-	-	-	-
-	Aarva	-	proper	9	-	-	-	-	-
-	Aasen	-	proper	6	-	-	-	-	-
-	Aavikko	-	proper	4	kk:k	-	-	-	-
-	Abdulla	-	proper	10|12	-	-	-	-	-
-	Abe	-	proper	8	-	-	-	-	-
-	Abrahamsson	-	proper	5	-	-	-	-	-
-	Abramov	-	proper	5	-	-	-	-	-
-	Abreu	-	proper	21	-	-	-	-	-
-	Achrenius	-	proper	39	-	-	-	-	-
-	Ackermann	-	proper	5	-	-	-	-	-
-	Ackté	-	proper	21	-	-	-	-	-
-	Adam	-	proper	5	-	-	-	-	-
-	Adams	-	proper	5	-	-	-	-	-
-	Addison	-	proper	5	-	-	-	-	-
-	Adler	-	proper	6	-	-	-	-	-
-	Adlercreutz	-	proper	5	-	-	-	-	-
-	Afanasjev	-	proper	5	-	-	-	-	-
-	Agolli	-	proper	6	-	-	-	-	-
-	Agostini	-	proper	5	-	-	-	-	-
-	Agricola	-	proper	12	-	-	-	-	-
-	Aguilera	-	proper	9	-	-	-	-	-
-	Ahde	-	proper	48	t:d	-	-	-	-
-	Ahern	-	proper	5	-	-	-	-	-
-	Ahlberg	-	proper	5	-	-	-	-	-
-	Ahlfors	-	proper	5	-	-	-	-	-
-	Ahlgren	-	proper	5	-	-	-	-	-
-	Ahlgrén	-	proper	5	-	-	-	-	-
-	Ahlman	-	proper	5	-	-	-	-	-
-	Ahlqvist	-	proper	5	-	-	-	-	-
-	Ahlroth	-	proper	5	-	-	-	-	-
-	Ahlstedt	-	proper	5	-	-	-	-	-
-	Ahlström	-	proper	5	-	-	-	-	-
-	Ahmala	-	proper	12	-	-	-	-	-
-	Ahmed	-	proper	5	-	-	-	-	-
-	Ahnger	-	proper	6	-	-	-	-	-
-	Aho	-	proper	1	-	-	-	-	-
-	Ahokas	-	proper	41	kk:k	-	-	-	-
-	Ahola	-	proper	12	-	-	-	-	-
-	Ahonen	-	proper	38	-	-	-	-	-
-	Ahti	-	proper	5	t:d	-	-	-	-
-	Ahtiainen	-	proper	38	-	-	-	-	-
-	Ahtinen	-	proper	38	-	-	-	-	-
-	Ahtola	-	proper	12	-	-	-	-	-
-	Aigner	-	proper	6	-	-	-	-	-
-	Aikio	-	proper	3	-	-	-	-	-
-	Ailus	-	proper	39	-	-	-	-	-
-	Ainali	-	proper	6	-	-	-	-	-
-	Airaksinen	-	proper	38	-	-	-	-	-
-	Airamo	-	proper	2	-	-	-	-	-
-	Airas	-	proper	39	-	-	-	-	-
-	Airio	-	proper	3	-	-	-	-	-
-	Airisto	-	proper	1	-	-	-	-	-
-	Airo	-	proper	1	-	-	-	-	-
-	Airola	-	proper	12	-	-	-	-	-
-	Akkanen	-	proper	38	-	-	-	-	-
-	Aksakov	-	proper	5	-	-	-	-	-
-	Aksjonov	-	proper	5	-	-	-	-	-
-	Alaja	-	proper	9	-	-	-	-	-
-	Alanen	-	proper	38	-	-	-	-	-
-	Alanko	-	proper	1	nk:ng	-	-	-	-
-	Alanne	-	proper	48	nt:nn	-	-	-	-
-	Alava	-	proper	10	-	-	-	-	-
-	Albers	-	proper	5	-	-	-	-	-
-	Alcenius	-	proper	39	-	-	-	-	-
-	Aleksejev	-	proper	5	-	-	-	-	-
-	Aleksovski	-	proper	5	-	-	-	-	-
-	Alexander	-	proper	6	-	-	-	-	-
-	Alexandersson	-	proper	5	-	-	-	-	-
-	Alfthan	-	proper	5	-	-	-	-	-
-	Alfvén	-	proper	5	-	-	-	-	-
-	Alho	-	proper	1	-	-	-	-	-
-	Ali	-	proper	5	-	-	-	-	-
-	Alighieri	-	proper	5	-	-	-	-	-
-	Alinko	-	proper	1	-	-	-	-	-
-	Alkio	-	proper	3	-	-	-	-	-
-	Allen	-	proper	6	-	-	-	-	-
-	Allende	-	proper	8	-	-	-	-	-
-	Alm	-	proper	5	-	-	-	-	-
-	Almeida	-	proper	9	-	-	-	-	-
-	Almgren	-	proper	5	-	-	-	-	-
-	Almila	-	proper	13	-	-	-	-	-
-	Almlöf	-	proper	5	-	-	-	-	-
-	Almqvist	-	proper	5	-	-	-	-	-
-	Alnæs	-	proper	5	-	-	-	-	-
-	Alonen	-	proper	38	-	-	-	-	-
-	Alonso	-	proper	1	-	-	-	-	-
-	Alopaeus	-	proper	39	-	-	-	-	-
-	Alvarez	-	proper	5	-	-	-	-	-
-	Alzheimer	-	proper	6	-	-	-	-	-
-	Alén	-	proper	5	-	-	-	-	-
-	Amano	-	proper	2	-	-	-	-	-
-	Amat	-	proper	5	-	-	-	-	-
-	Aminoff	-	proper	5	-	-	-	-	-
-	Amirkhani	-	proper	5	-	-	-	-	-
-	Ammann	-	proper	5	-	-	-	-	-
-	Ammondt	-	proper	5	-	-	-	-	-
-	Amundsen	-	proper	5	-	-	-	-	-
-	Andelin	-	proper	5	-	-	-	-	-
-	Anderberg	-	proper	5	-	-	-	-	-
-	Andersen	-	proper	5	-	-	-	-	-
-	Andersin	-	proper	5	-	-	-	-	-
-	Anderson	-	proper	5	-	-	-	-	-
-	Andersson	-	proper	5	-	-	-	-	-
-	Andrade	-	proper	8	-	-	-	-	-
-	Andreini	-	proper	5	-	-	-	-	-
-	Andrejev	-	proper	5	-	-	-	-	-
-	Andresen	-	proper	5	-	-	-	-	-
-	Andrews	-	proper	5	-	-	-	-	-
-	Andō	-	proper	21|1	-	-	-	-	-
-	Angerer	-	proper	6	-	-	-	-	-
-	Angervo	-	proper	1	-	-	-	-	-
-	Anhova	-	proper	10	-	-	-	-	-
-	Aniston	-	proper	5	-	-	-	-	-
-	Anker	-	proper	6	-	-	-	-	-
-	Annala	-	proper	12	-	-	-	-	-
-	Annila	-	proper	13	-	-	-	-	-
-	Annunen	-	proper	38	-	-	-	-	-
-	Antell	-	proper	5	-	-	-	-	-
-	Antikainen	-	proper	38	-	-	-	-	-
-	Antila	-	proper	12	-	-	-	-	-
-	Antonen	-	proper	38	-	-	-	-	-
-	Anttalainen	-	proper	38	-	-	-	-	-
-	Anttila	-	proper	12	-	-	-	-	-
-	Anttonen	-	proper	38	-	-	-	-	-
-	Antón	-	proper	5	-	-	-	-	-
-	Aoi	-	proper	18	-	-	-	-	-
-	Aoki	-	proper	5	-	-	-	-	-
-	Aoyama	-	proper	9	-	-	-	-	-
-	Appel	-	proper	6	-	-	-	-	-
-	Appelberg	-	proper	5	-	-	-	-	-
-	Appelgren	-	proper	5	-	-	-	-	-
-	Ara	-	proper	9	-	-	-	-	-
-	Arai	-	proper	18	-	-	-	-	-
-	Arakawa	-	proper	9	-	-	-	-	-
-	Araki	-	proper	5	-	-	-	-	-
-	Aranda	-	proper	9	-	-	-	-	-
-	Ardern	-	proper	5	-	-	-	-	-
-	Arhipov	-	proper	5	-	-	-	-	-
-	Arima	-	proper	9	-	-	-	-	-
-	Armanto	-	proper	1	-	-	-	-	-
-	Armfelt	-	proper	5	-	-	-	-	-
-	Armstrong	-	proper	5	-	-	-	-	-
-	Arndt	-	proper	5	-	-	-	-	-
-	Arni	-	proper	5	-	-	-	-	-
-	Arnim	-	proper	5	-	-	-	-	-
-	Arnkil	-	proper	5	-	-	-	-	-
-	Arnold	-	proper	5	-	-	-	-	-
-	Aro	-	proper	1	-	-	-	-	-
-	Arola	-	proper	12	-	-	-	-	-
-	Aronen	-	proper	38	-	-	-	-	-
-	Aronsson	-	proper	5	-	-	-	-	-
-	Arponen	-	proper	38	-	-	-	-	-
-	Arppe	-	proper	8	-	-	-	-	-
-	Arrhenius	-	proper	39	-	-	-	-	-
-	Artikainen	-	proper	38	-	-	-	-	-
-	Arve	-	proper	8	-	-	-	-	-
-	Arvidsson	-	proper	5	-	-	-	-	-
-	Arvola	-	proper	12	-	-	-	-	-
-	Asano	-	proper	2	-	-	-	-	-
-	Asikainen	-	proper	38	-	-	-	-	-
-	Askola	-	proper	12	-	-	-	-	-
-	Asp	-	proper	5	-	-	-	-	-
-	Aspegren	-	proper	5	-	-	-	-	-
-	Aspelin	-	proper	5	-	-	-	-	-
-	Aspelund	-	proper	5	-	-	-	-	-
-	Asperger	-	proper	6	-	-	-	-	-
-	Asplund	-	proper	5	-	-	-	-	-
-	Assange	-	proper	8	-	-	-	-	-
-	Assmann	-	proper	5	-	-	-	-	-
-	Astala	-	proper	12	-	-	-	-	-
-	Aston	-	proper	6	-	-	-	-	-
-	Asunta	-	proper	10	-	-	-	-	-
-	Atanasov	-	proper	5	-	-	-	-	-
-	Atkins	-	proper	5	-	-	-	-	-
-	Attwooll	-	proper	5	-	-	-	-	-
-	Aubert	-	proper	5	-	-	-	-	-
-	Auer	-	proper	6	-	-	-	-	-
-	Auer	-	proper	49	t:	-	-	-	-
-	Aulanko	-	proper	1	nk:ng	-	-	-	-
-	Aunio	-	proper	3	-	-	-	-	-
-	Aunli	-	proper	5	-	-	-	-	-
-	Aura	-	proper	9	-	-	-	-	-
-	Autere	-	proper	8	-	-	-	-	-
-	Autio	-	proper	3	-	-	-	-	-
-	Auvinen	-	proper	38	-	-	-	-	-
-	Avellan	-	proper	5	-	-	-	-	-
-	Avikainen	-	proper	38	-	-	-	-	-
-	Avogadro	-	proper	1	-	-	-	-	-
-	Axelsson	-	proper	5	-	-	-	-	-
-	Ayala	-	proper	9	-	-	-	-	-
-	Azevedo	-	proper	1	-	-	-	-	-
-	Babbage	-	proper	8	-	-	-	-	-
-	Babitski	-	proper	5	-	-	-	-	-
-	Babitzin	-	proper	5	-	-	-	-	-
-	Bach	-	proper	5	-	-	-	-	-
-	Back	-	proper	5	-	-	-	-	-
-	Backlund	-	proper	5	-	-	-	-	-
-	Backman	-	proper	5	-	-	-	-	-
-	Bacon	-	proper	6	-	-	-	-	-
-	Badea	-	proper	12	-	-	-	-	-
-	Baer	-	proper	5	-	-	-	-	-
-	Bagh	-	proper	5	-	-	-	-	-
-	Bahdanovitš	-	proper	5	-	-	-	-	-
-	Bahne	-	proper	8	-	-	-	-	-
-	Bailly	-	proper	1	-	front|back	-	-	-
-	Baker	-	proper	6	-	-	-	-	-
-	Bakke	-	proper	8	-	-	-	-	-
-	Baldi	-	proper	5	-	-	-	-	-
-	Baldini	-	proper	5	-	-	-	-	-
-	Baldwin	-	proper	5	-	-	-	-	-
-	Balogh	-	proper	5	-	-	-	-	-
-	Balotelli	-	proper	5	-	-	-	-	-
-	Banks	-	proper	5	-	-	-	-	-
-	Banotti	-	proper	5	-	-	-	-	-
-	Banér	-	proper	5	-	-	-	-	-
-	Barbaro	-	proper	2	-	-	-	-	-
-	Barck	-	proper	5	-	-	-	-	-
-	Bargum	-	proper	5	-	-	-	-	-
-	Barker	-	proper	6	-	-	-	-	-
-	Barkov	-	proper	5	-	-	-	-	-
-	Barks	-	proper	5	-	-	-	-	-
-	Barnes	-	proper	39	-	-	-	-	-
-	Barnett	-	proper	5	-	-	-	-	-
-	Barnier	-	proper	22|5	-	-	-	-	-
-	Barrett	-	proper	5	-	-	-	-	-
-	Barrichello	-	proper	1	-	-	-	-	-
-	Barrière	-	proper	8	-	-	-	-	-
-	Barroso	-	proper	1	-	-	-	-	-
-	Bartoli	-	proper	5	-	-	-	-	-
-	Barón	-	proper	5	-	-	-	-	-
-	Bashar	-	proper	6	-	-	-	-	-
-	Basilier	-	proper	5	-	-	-	-	-
-	Basset	-	proper	22|†5	-	-	-	-	-
-	Bassi	-	proper	5	-	-	-	-	-
-	Batten	-	proper	6	-	-	-	-	-
-	Bauer	-	proper	6	-	-	-	-	-
-	Baumann	-	proper	5	-	-	-	-	-
-	Baumgartner	-	proper	6	-	-	-	-	-
-	Bayard	-	proper	5	-	-	-	-	-
-	Bazin	-	proper	5	-	-	-	-	-
-	Bašar	-	proper	5	-	-	-	-	-
-	Beamish	-	proper	5	-	-	-	-	-
-	Beck	-	proper	5	-	-	-	-	-
-	Beckenbauer	-	proper	6	-	-	-	-	-
-	Becker	-	proper	6	-	-	-	-	-
-	Becket	-	proper	5	-	-	-	-	-
-	Beckett	-	proper	5	-	-	-	-	-
-	Beckham	-	proper	5	-	-	-	-	-
-	Becquerel	-	proper	5	-	-	-	-	-
-	Bedford	-	proper	5	-	-	-	-	-
-	Bednarek	-	proper	5	-	-	-	-	-
-	Beek	-	proper	5	-	-	-	-	-
-	Beer	-	proper	5	-	-	-	-	-
-	Beethoven	-	proper	6	-	-	-	-	-
-	Behm	-	proper	5	-	-	-	-	-
-	Behrens	-	proper	5	-	-	-	-	-
-	Belder	-	proper	6	-	-	-	-	-
-	Bell	-	proper	5	-	-	-	-	-
-	Bellini	-	proper	5	-	-	-	-	-
-	Belov	-	proper	5	-	-	-	-	-
-	Below	-	proper	22|†5	-	-	u	-	-
-	Bender	-	proper	6	-	-	-	-	-
-	Benedek	-	proper	5	-	-	-	-	-
-	Bengts	-	proper	5	-	-	-	-	-
-	Bengtsson	-	proper	5	-	-	-	-	-
-	Bennett	-	proper	5	-	-	-	-	-
-	Bento	-	proper	1	-	-	-	-	-
-	Benz	-	proper	5	-	-	-	-	-
-	Berend	-	proper	5	-	-	-	-	-
-	Berenguer	-	proper	22|5	-	-	-	-	-
-	Beresford	-	proper	5	-	-	-	-	-
-	Berg	-	proper	5	-	-	-	-	-
-	Bergbom	-	proper	5	-	-	-	-	-
-	Bergenheim	-	proper	5	-	-	-	-	-
-	Berger	-	proper	6	-	-	-	-	-
-	Berget	-	proper	5	-	-	-	-	-
-	Berggren	-	proper	5	-	-	-	-	-
-	Bergh	-	proper	5	-	-	-	-	-
-	Bergholm	-	proper	5	-	-	-	-	-
-	Berghäll	-	proper	5	-	-	-	-	-
-	Bergius	-	proper	39	-	-	-	-	-
-	Bergkvist	-	proper	5	-	-	-	-	-
-	Berglund	-	proper	5	-	-	-	-	-
-	Bergman	-	proper	5	-	-	-	-	-
-	Bergmann	-	proper	5	-	-	-	-	-
-	Bergqvist	-	proper	5	-	-	-	-	-
-	Bergroth	-	proper	5	-	-	-	-	-
-	Bergstrand	-	proper	5	-	-	-	-	-
-	Bergström	-	proper	5	-	-	-	-	-
-	Berkeley	-	proper	21	-	-	i|y	-	-
-	Berlusconi	-	proper	5	-	-	-	-	-
-	Bernard	-	proper	5	-	-	-	-	-
-	Berndtson	-	proper	6	-	-	-	-	-
-	Berner	-	proper	6	-	-	-	-	-
-	Bernhard	-	proper	5	-	-	-	-	-
-	Bernoulli	-	proper	5	-	-	-	-	-
-	Bernstein	-	proper	5	-	-	-	-	-
-	Berntsen	-	proper	5	-	-	-	-	-
-	Berry	-	proper	1	-	-	-	-	-
-	Bertelsmann	-	proper	5	-	-	-	-	-
-	Berthelot	-	proper	22|†5	-	-	-	-	-
-	Berthier	-	proper	22|†5	-	-	-	-	-
-	Berti	-	proper	5	-	-	-	-	-
-	Bertini	-	proper	5	-	-	-	-	-
-	Bertrand	-	proper	5	-	-	-	-	-
-	Berzsenyi	-	proper	18	-	-	-	-	-
-	Beskow	-	proper	5	-	-	-	-	-
-	Besson	-	proper	6	-	-	-	-	-
-	Bezos	-	proper	5|†39	-	-	-	-	-
-	Bianchi	-	proper	5	-	-	-	-	-
-	Biaudet	-	proper	22|†5	-	-	-	-	-
-	Biden	-	proper	6	-	front|back	-	-	-
-	Bidstrup	-	proper	5	-	-	-	-	-
-	Bieber	-	proper	6	-	-	-	-	-
-	Biedermann	-	proper	5	-	-	-	-	-
-	Biese	-	proper	8	-	-	-	-	-
-	Bigot	-	proper	22|†5	-	-	-	-	-
-	Birdal	-	proper	5	-	-	-	-	-
-	Birjukov	-	proper	5	-	-	-	-	-
-	Birkeland	-	proper	5	-	-	-	-	-
-	Birn	-	proper	5	-	-	-	-	-
-	Bishop	-	proper	5	-	-	-	-	-
-	Bjarnason	-	proper	5	-	-	-	-	-
-	Björk	-	proper	5	-	-	-	-	-
-	Björkenheim	-	proper	5	-	-	-	-	-
-	Björklund	-	proper	5	-	-	-	-	-
-	Björkman	-	proper	5	-	-	-	-	-
-	Björkqvist	-	proper	5	-	-	-	-	-
-	Björkstén	-	proper	5	-	-	-	-	-
-	Björn	-	proper	5	-	-	-	-	-
-	Bjørnstad	-	proper	5	-	-	-	-	-
-	Black	-	proper	5	-	-	-	-	-
-	Blackwell	-	proper	5	-	-	-	-	-
-	Blair	-	proper	5	-	-	-	-	-
-	Blake	-	proper	8	-	-	-	-	-
-	Blanc	-	proper	5	-	-	-	-	-
-	Blanco	-	proper	1	-	-	-	-	-
-	Bleibtreu	-	proper	21	-	-	-	-	-
-	Blinken	-	proper	6	-	-	-	-	-
-	Blokland	-	proper	5	-	-	-	-	-
-	Blom	-	proper	5	-	-	-	-	-
-	Blomberg	-	proper	5	-	-	-	-	-
-	Blomqvist	-	proper	5	-	-	-	-	-
-	Blomstedt	-	proper	5	-	-	-	-	-
-	Bly	-	proper	21	-	front|back	i|y	-	-
-	Blåfield	-	proper	5	-	-	-	-	-
-	Bobrikov	-	proper	5	-	-	-	-	-
-	Bobrovski	-	proper	5	-	-	-	-	-
-	Bock	-	proper	5	-	-	-	-	-
-	Boehm	-	proper	5	-	-	-	-	-
-	Boelius	-	proper	39	-	-	-	-	-
-	Boer	-	proper	5	-	-	-	-	-
-	Boeselager	-	proper	6	-	-	-	-	-
-	Bogdanoff	-	proper	5	-	-	-	-	-
-	Bogdanov	-	proper	5	-	-	-	-	-
-	Bogdanović	-	proper	5	-	-	-	-	-
-	Bohr	-	proper	5	-	-	-	-	-
-	Boije	-	proper	8	-	-	-	-	-
-	Boldt	-	proper	5	-	-	-	-	-
-	Bolkestein	-	proper	5	-	-	-	-	-
-	Bollström	-	proper	5	-	-	-	-	-
-	Bologna	-	proper	10	-	-	-	-	-
-	Bolshunov	-	proper	5	-	-	-	-	-
-	Bolsonaro	-	proper	1	-	-	-	-	-
-	Bolt	-	proper	5	-	-	-	-	-
-	Bolton	-	proper	6	-	-	-	-	-
-	Boltzmann	-	proper	5	-	-	-	-	-
-	Bolívar	-	proper	5	-	-	-	-	-
-	Bolšunov	-	proper	5	-	-	-	-	-
-	Boman	-	proper	5	-	-	-	-	-
-	Bonaparte	-	proper	8	-	-	-	-	-
-	Bond	-	proper	5	-	-	-	-	-
-	Bondarenko	-	proper	1	-	-	-	-	-
-	Bondartšuk	-	proper	5	-	-	-	-	-
-	Bonet	-	proper	22|†5	-	-	-	-	-
-	Boni	-	proper	5	-	-	-	-	-
-	Bonnet	-	proper	22|†5	-	-	-	-	-
-	Bonsdorff	-	proper	5	-	-	-	-	-
-	Boole	-	proper	8	-	-	-	-	-
-	Boom	-	proper	5	-	-	-	-	-
-	Boone	-	proper	8	-	-	-	-	-
-	Booth	-	proper	5	-	-	-	-	-
-	Borchsenius	-	proper	39	-	-	-	-	-
-	Borenius	-	proper	39	-	-	-	-	-
-	Borg	-	proper	5	-	-	-	-	-
-	Borgström	-	proper	5	-	-	-	-	-
-	Borlée	-	proper	8	-	-	-	-	-
-	Born	-	proper	5	-	-	-	-	-
-	Borodina	-	proper	1	-	-	-	-	-
-	Bos	-	proper	5	-	-	-	-	-
-	Bosch	-	proper	5	-	-	-	-	-
-	Bossi	-	proper	5	-	-	-	-	-
-	Boström	-	proper	5	-	-	-	-	-
-	Bottas	-	proper	39	-	-	-	-	-
-	Boulanger	-	proper	22|†6	-	-	-	-	-
-	Bourgeois	-	proper	22|†5	-	-	-	-	-
-	Bouwman	-	proper	5	-	-	-	-	-
-	Bowe	-	proper	8	-	-	-	-	-
-	Bowie	-	proper	8|21	-	-	-	-	-
-	Boyd	-	proper	5	-	-	-	-	-
-	Boyle	-	proper	8	-	-	-	-	-
-	Bozon	-	proper	6	-	-	-	-	-
-	Braaten	-	proper	6	-	-	-	-	-
-	Brady	-	proper	1	-	-	-	-	-
-	Brahe	-	proper	8	-	-	-	-	-
-	Brambilla	-	proper	13	-	-	-	-	-
-	Brand	-	proper	5	-	-	-	-	-
-	Brander	-	proper	6	-	-	-	-	-
-	Brandon	-	proper	6	-	-	-	-	-
-	Brandt	-	proper	5	-	-	-	-	-
-	Braun	-	proper	5	-	-	-	-	-
-	Bremer	-	proper	6	-	-	-	-	-
-	Brenden	-	proper	6	-	-	-	-	-
-	Brennan	-	proper	6	-	-	-	-	-
-	Brenner	-	proper	6	-	-	-	-	-
-	Breton	-	proper	6	-	-	-	-	-
-	Brežnev	-	proper	5	-	-	-	-	-
-	Briand	-	proper	5	-	-	-	-	-
-	Bristow	-	proper	22|†5	-	-	u	-	-
-	Broas	-	proper	39	-	-	-	-	-
-	Broberg	-	proper	5	-	-	-	-	-
-	Broch	-	proper	5	-	-	-	-	-
-	Brofeldt	-	proper	5	-	-	-	-	-
-	Broman	-	proper	5	-	-	-	-	-
-	Brooke	-	proper	8	-	-	-	-	-
-	Brooks	-	proper	5	-	-	-	-	-
-	Brosnan	-	proper	6	-	-	-	-	-
-	Brotherus	-	proper	39	-	-	-	-	-
-	Brown	-	proper	5	-	-	-	-	-
-	Browning	-	proper	5	-	-	-	-	-
-	Brueghel	-	proper	6	-	-	-	-	-
-	Brummer	-	proper	6	-	-	-	-	-
-	Brun	-	proper	5	-	-	-	-	-
-	Brunet	-	proper	22|†5	-	-	-	-	-
-	Brunila	-	proper	13	-	-	-	-	-
-	Brunner	-	proper	6	-	-	-	-	-
-	Bruun	-	proper	5	-	-	-	-	-
-	Bryggare	-	proper	8	-	-	-	-	-
-	Bryn	-	proper	5	-	-	-	-	-
-	Brännström	-	proper	5	-	-	-	-	-
-	Buchanan	-	proper	5	-	-	-	-	-
-	Buchard	-	proper	5	-	-	-	-	-
-	Buchholz	-	proper	5	-	-	-	-	-
-	Bulgakov	-	proper	5	-	-	-	-	-
-	Bull	-	proper	5	-	-	-	-	-
-	Burgess	-	proper	5	-	-	-	-	-
-	Burgoyne	-	proper	8	-	-	-	-	-
-	Burke	-	proper	8	-	-	-	-	-
-	Burns	-	proper	5	-	-	-	-	-
-	Burton	-	proper	6	-	-	-	-	-
-	Busch	-	proper	5	-	-	-	-	-
-	Bush	-	proper	5	-	-	-	-	-
-	Busquets	-	proper	5	-	-	-	-	-
-	Butler	-	proper	6	-	-	-	-	-
-	Bye	-	proper	21	-	-	-	-	-
-	Bykov	-	proper	5	-	-	-	-	-
-	Byrne	-	proper	8	-	-	-	-	-
-	Byron	-	proper	6	-	-	-	-	-
-	Byskata	-	proper	9	-	-	-	-	-
-	Byström	-	proper	5	-	-	-	-	-
-	Bäck	-	proper	5	-	-	-	-	-
-	Bäckman	-	proper	5	-	-	-	-	-
-	Bäckström	-	proper	5	-	-	-	-	-
-	Bärlund	-	proper	5	-	-	-	-	-
-	Böge	-	proper	8	-	-	-	-	-
-	Böhm	-	proper	5	-	-	-	-	-
-	Böhme	-	proper	8	-	-	-	-	-
-	Börjesson	-	proper	5	-	-	-	-	-
-	Bösch	-	proper	5	-	-	-	-	-
-	Böök	-	proper	5	-	-	-	-	-
-	Bødker	-	proper	6	-	-	-	-	-
-	Bühler	-	proper	6	-	-	-	-	-
-	Bąk	-	proper	5	-	-	-	-	-
-	Caballero	-	proper	2	-	-	-	-	-
-	Cajander	-	proper	5	-	-	-	-	-
-	Calamnius	-	proper	39	-	-	-	-	-
-	Calder	-	proper	6	-	-	-	-	-
-	Cameron	-	proper	6	-	-	-	-	-
-	Campana	-	proper	12	-	-	-	-	-
-	Campbell	-	proper	5	-	-	-	-	-
-	Campos	-	proper	39	-	-	-	-	-
-	Camus	-	proper	39	-	-	-	-	-
-	Cantell	-	proper	5	-	-	-	-	-
-	Canth	-	proper	5	-	-	-	-	-
-	Capello	-	proper	1	-	-	-	-	-
-	Cardoso	-	proper	1	-	-	-	-	-
-	Carey	-	proper	21	-	front|back	i|y	-	-
-	Carlson	-	proper	6	-	-	-	-	-
-	Carlsson	-	proper	5	-	-	-	-	-
-	Carlstedt	-	proper	5	-	-	-	-	-
-	Carnegie	-	proper	8|21	-	-	-	-	-
-	Caron	-	proper	6	-	-	-	-	-
-	Carpelan	-	proper	5	-	-	-	-	-
-	Carpenter	-	proper	6	-	-	-	-	-
-	Carr	-	proper	5	-	-	-	-	-
-	Carracci	-	proper	5	-	-	-	-	-
-	Carrera	-	proper	9	-	-	-	-	-
-	Carroll	-	proper	5	-	-	-	-	-
-	Carstens	-	proper	5	-	-	-	-	-
-	Carter	-	proper	6	-	-	-	-	-
-	Cartwright	-	proper	5	-	-	-	-	-
-	Caruso	-	proper	1	-	-	-	-	-
-	Carvalho	-	proper	1	-	-	-	-	-
-	Casaca	-	proper	9	-	-	-	-	-
-	Casagrande	-	proper	8	-	-	-	-	-
-	Casey	-	proper	21	-	front|back	i|y	-	-
-	Cash	-	proper	5	-	-	-	-	-
-	Castillejo	-	proper	1	-	-	-	-	-
-	Castillo	-	proper	1	-	-	-	-	-
-	Castren	-	proper	5	-	-	-	-	-
-	Castro	-	proper	1	-	-	-	-	-
-	Castrén	-	proper	5	-	-	-	-	-
-	Cavalieri	-	proper	5	-	-	-	-	-
-	Cavalli	-	proper	6	-	-	-	-	-
-	Cave	-	proper	8	-	-	-	-	-
-	Cavendish	-	proper	5	-	-	-	-	-
-	Ceausescu	-	proper	1	-	-	-	-	-
-	Ceder	-	proper	6	-	-	-	-	-
-	Cederberg	-	proper	5	-	-	-	-	-
-	Cedercreutz	-	proper	5	-	-	-	-	-
-	Cederschiöld	-	proper	5	-	-	-	-	-
-	Cederström	-	proper	5	-	-	-	-	-
-	Cervantes	-	proper	5	-	-	-	-	-
-	Chadwick	-	proper	5	-	-	-	-	-
-	Chamberlain	-	proper	5	-	-	-	-	-
-	Chambers	-	proper	5	-	-	-	-	-
-	Chan	-	proper	5	-	-	-	-	-
-	Chandler	-	proper	6	-	-	-	-	-
-	Chang	-	proper	5	-	-	-	-	-
-	Chaplin	-	proper	5	-	-	-	-	-
-	Chapman	-	proper	5	-	-	-	-	-
-	Charpentier	-	proper	22|†5	-	-	-	-	-
-	Chatham	-	proper	5	-	-	-	-	-
-	Chen	-	proper	5	-	-	-	-	-
-	Chester	-	proper	6	-	-	-	-	-
-	Chiba	-	proper	9	-	-	-	-	-
-	Chiesa	-	proper	9	-	-	-	-	-
-	Chirac	-	proper	5	-	-	-	-	-
-	Chopin	-	proper	5	-	-	-	-	-
-	Christensen	-	proper	5	-	-	-	-	-
-	Christiansen	-	proper	5	-	-	-	-	-
-	Christie	-	proper	8|21	-	-	-	-	-
-	Christoffersen	-	proper	5	-	-	-	-	-
-	Churchill	-	proper	5	-	-	-	-	-
-	Chydenius	-	proper	39	-	-	-	-	-
-	Chávez	-	proper	5	-	-	-	-	-
-	Claesson	-	proper	5	-	-	-	-	-
-	Clair	-	proper	5	-	-	-	-	-
-	Clapton	-	proper	6	-	-	-	-	-
-	Clark	-	proper	5	-	-	-	-	-
-	Clarke	-	proper	8	-	-	-	-	-
-	Claudel	-	proper	6	-	-	-	-	-
-	Clayhills	-	proper	5	-	-	-	-	-
-	Clayton	-	proper	6	-	-	-	-	-
-	Clinton	-	proper	6	-	-	-	-	-
-	Clément	-	proper	5	-	-	-	-	-
-	Cobain	-	proper	5	-	-	-	-	-
-	Coelho	-	proper	1	-	-	-	-	-
-	Coen	-	proper	5	-	-	-	-	-
-	Cohen	-	proper	6	-	-	-	-	-
-	Cole	-	proper	8	-	-	-	-	-
-	Coleman	-	proper	5	-	-	-	-	-
-	Coletti	-	proper	5	tt:t	-	-	-	-
-	Collan	-	proper	5	-	-	-	-	-
-	Colliander	-	proper	5	-	-	-	-	-
-	Collin	-	proper	5	-	-	-	-	-
-	Collins	-	proper	5	-	-	-	-	-
-	Colman	-	proper	5	-	-	-	-	-
-	Colombo	-	proper	1	-	-	-	-	-
-	Colt	-	proper	5	-	-	-	-	-
-	Columbus	-	proper	39|5	-	-	-	-	-
-	Connery	-	proper	2	-	front|back	-	-	-
-	Constant	-	proper	5	-	-	-	-	-
-	Conte	-	proper	8	-	-	-	-	-
-	Conti	-	proper	5	-	-	-	-	-
-	Cook	-	proper	5	-	-	-	-	-
-	Cooke	-	proper	8	-	-	-	-	-
-	Cooper	-	proper	6	-	-	-	-	-
-	Corander	-	proper	5	-	-	-	-	-
-	Corbett	-	proper	5	-	-	-	-	-
-	Corbyn	-	proper	5	-	-	-	-	-
-	Corleone	-	proper	8	-	-	-	-	-
-	Cornell	-	proper	5	-	-	-	-	-
-	Cornet	-	proper	22|†5	-	-	-	-	-
-	Corrie	-	proper	8|21	-	-	-	-	-
-	Cortez	-	proper	5	-	-	-	-	-
-	Costa	-	proper	10	-	-	-	-	-
-	Costello	-	proper	1	-	-	-	-	-
-	Coulon	-	proper	5	-	-	-	-	-
-	Cox	-	proper	5	-	-	-	-	-
-	Cramer	-	proper	6	-	-	-	-	-
-	Crawford	-	proper	5	-	-	-	-	-
-	Crespo	-	proper	1	-	-	-	-	-
-	Creutz	-	proper	5	-	-	-	-	-
-	Crohn	-	proper	5	-	-	-	-	-
-	Cromwell	-	proper	5	-	-	-	-	-
-	Cronstedt	-	proper	5	-	-	-	-	-
-	Crosby	-	proper	1	-	-	-	-	-
-	Cruise	-	proper	8	-	-	-	-	-
-	Cruz	-	proper	5	-	-	-	-	-
-	Cunningham	-	proper	5	-	-	-	-	-
-	Curie	-	proper	8|21	-	-	-	-	-
-	Curtis	-	proper	39	-	-	-	-	-
-	Cusack	-	proper	5	-	-	-	-	-
-	Cushing	-	proper	5	-	-	-	-	-
-	Cygnaeus	-	proper	39	-	-	-	-	-
-	Cyrus	-	proper	39	-	-	-	-	-
-	Daehn	-	proper	5	-	-	-	-	-
-	Dahl	-	proper	5	-	-	-	-	-
-	Dahlberg	-	proper	5	-	-	-	-	-
-	Dahlgren	-	proper	5	-	-	-	-	-
-	Dahlin	-	proper	5	-	-	-	-	-
-	Dahlman	-	proper	5	-	-	-	-	-
-	Dahlmeier	-	proper	5	-	-	-	-	-
-	Dahlström	-	proper	5	-	-	-	-	-
-	Dalton	-	proper	6	-	-	-	-	-
-	Daly	-	proper	1	-	-	-	-	-
-	Damme	-	proper	8	-	-	-	-	-
-	Damon	-	proper	5	-	-	-	-	-
-	Danielsson	-	proper	5	-	-	-	-	-
-	Darwin	-	proper	6	-	-	-	-	-
-	Dary	-	proper	1	-	-	-	-	-
-	Daudet	-	proper	22|†5	-	-	-	-	-
-	David	-	proper	5	-	-	-	-	-
-	Davidsen	-	proper	5	-	-	-	-	-
-	Davidsson	-	proper	5	-	-	-	-	-
-	Davies	-	proper	5	-	-	-	-	-
-	Davis	-	proper	5	-	-	-	-	-
-	Davison	-	proper	5	-	-	-	-	-
-	Davydov	-	proper	5	-	-	-	-	-
-	Dawkins	-	proper	5	-	-	-	-	-
-	DeGeneres	-	proper	5	-	-	-	-	-
-	DeSantis	-	proper	5	-	-	-	-	-
-	Dean	-	proper	5	-	-	-	-	-
-	Degerholm	-	proper	5	-	-	-	-	-
-	Dekker	-	proper	6	-	-	-	-	-
-	Delaunay	-	proper	21	-	front|back	i|y	-	-
-	Delgado	-	proper	1	-	-	-	-	-
-	Delors	-	proper	5	-	-	-	-	-
-	Delvaux	-	proper	22|†5	-	-	o	-	-
-	Dembélé	-	proper	21	-	-	-	-	-
-	Deng	-	proper	5	-	-	-	-	-
-	Denisov	-	proper	5	-	-	-	-	-
-	Depp	-	proper	5	-	-	-	-	-
-	Descartes	-	proper	5	-	-	-	-	-
-	Dettmann	-	proper	5	-	-	-	-	-
-	Diamantopoulou	-	proper	21	-	-	-	-	-
-	Diamond	-	proper	5	-	-	-	-	-
-	Diarra	-	proper	9	-	-	-	-	-
-	Diaz	-	proper	5	-	-	-	-	-
-	Dickinson	-	proper	5	-	-	-	-	-
-	Diderot	-	proper	22|†5	-	-	-	-	-
-	Dietrich	-	proper	5	-	-	-	-	-
-	Diggins	-	proper	5	-	-	-	-	-
-	Dijk	-	proper	5	-	-	-	-	-
-	Dijkstra	-	proper	9	-	-	-	-	-
-	Dimitrakopoulos	-	proper	39	-	-	-	-	-
-	Dimitrov	-	proper	5	-	-	-	-	-
-	Dimitrova	-	proper	10	-	-	-	-	-
-	Dinesen	-	proper	5	-	-	-	-	-
-	Dion	-	proper	5	-	-	-	-	-
-	Dirac	-	proper	5	-	-	-	-	-
-	Disney	-	proper	21	-	-	i|y	-	-
-	Dixon	-	proper	6	-	-	-	-	-
-	Djokovic	-	proper	5	-	-	-	-	-
-	Dobrev	-	proper	5	-	-	-	-	-
-	Doherty	-	proper	1	-	front|back	-	-	-
-	Doi	-	proper	18	-	-	-	-	-
-	Dongen	-	proper	6	-	-	-	-	-
-	Donner	-	proper	6	-	-	-	-	-
-	Donskoi	-	proper	18	-	-	-	-	-
-	Douglas	-	proper	39	-	-	-	-	-
-	Doyle	-	proper	8	-	-	-	-	-
-	Drake	-	proper	8	-	-	-	-	-
-	Drost	-	proper	5	-	-	-	-	-
-	Dubois	-	proper	22|†5	-	-	-	-	-
-	Duff	-	proper	5	-	-	-	-	-
-	Duffy	-	proper	1	-	-	-	-	-
-	Dufva	-	proper	10	-	-	-	-	-
-	Duhamel	-	proper	5	-	-	-	-	-
-	Dumas	-	proper	22|†5	-	-	-	-	-
-	Dumont	-	proper	5	-	-	-	-	-
-	Duncan	-	proper	6	-	-	-	-	-
-	Duncker	-	proper	6	-	-	-	-	-
-	Dunn	-	proper	5	-	-	-	-	-
-	Duplantis	-	proper	5|†39	-	-	-	-	-
-	Dupont	-	proper	5	-	-	-	-	-
-	Durand	-	proper	5	-	-	-	-	-
-	Durant	-	proper	5	-	-	-	-	-
-	Durkheim	-	proper	5	-	-	-	-	-
-	Dvořák	-	proper	5	-	-	-	-	-
-	Dylan	-	proper	6	-	-	-	-	-
-	Díez	-	proper	5	-	-	-	-	-
-	Dürr	-	proper	5	-	-	-	-	-
-	Dąbrowski	-	proper	5	-	-	-	-	-
-	Earl	-	proper	5	-	-	-	-	-
-	Ebert	-	proper	5	-	-	-	-	-
-	Edelfelt	-	proper	5	-	-	-	-	-
-	Edelheim	-	proper	5	-	-	-	-	-
-	Edelmann	-	proper	5	-	-	-	-	-
-	Eder	-	proper	6	-	-	-	-	-
-	Edfeldt	-	proper	5	-	-	-	-	-
-	Edlund	-	proper	5	-	-	-	-	-
-	Edman	-	proper	5	-	-	-	-	-
-	Edwards	-	proper	5	-	-	-	-	-
-	Eerikäinen	-	proper	38	-	-	-	-	-
-	Eerola	-	proper	12	-	-	-	-	-
-	Eestilä	-	proper	12	-	-	-	-	-
-	Eggen	-	proper	6	-	-	-	-	-
-	Eho	-	proper	1	-	-	-	-	-
-	Ehrenstolpe	-	proper	8	-	-	-	-	-
-	Ehrensvärd	-	proper	5	-	-	-	-	-
-	Ehrnrooth	-	proper	5	-	-	-	-	-
-	Ehrström	-	proper	5	-	-	-	-	-
-	Einarsson	-	proper	5	-	-	-	-	-
-	Einiö	-	proper	3	-	-	-	-	-
-	Einstein	-	proper	5	-	-	-	-	-
-	Eira	-	proper	9	-	-	-	-	-
-	Ek	-	proper	5	-	-	-	-	-
-	Ekborg	-	proper	5	-	-	-	-	-
-	Ekelund	-	proper	5	-	-	-	-	-
-	Ekholm	-	proper	5	-	-	-	-	-
-	Eklund	-	proper	5	-	-	-	-	-
-	Eklöf	-	proper	5	-	-	-	-	-
-	Ekman	-	proper	5	-	-	-	-	-
-	Ekroos	-	proper	5	-	-	-	-	-
-	Ekström	-	proper	5	-	-	-	-	-
-	Elenius	-	proper	39	-	-	-	-	-
-	Elfving	-	proper	5	-	-	-	-	-
-	Eliasson	-	proper	5	-	-	-	-	-
-	Elles	-	proper	5	-	-	-	-	-
-	Ellilä	-	proper	12	-	-	-	-	-
-	Ellington	-	proper	5	-	-	-	-	-
-	Elliott	-	proper	5	-	-	-	-	-
-	Ellis	-	proper	5|39	-	-	-	-	-
-	Ellonen	-	proper	38	-	-	-	-	-
-	Elm	-	proper	5	-	-	-	-	-
-	Elmgren	-	proper	5	-	-	-	-	-
-	Elo	-	proper	1	-	-	-	-	-
-	Elop	-	proper	5	-	-	-	-	-
-	Elsner	-	proper	6	-	-	-	-	-
-	Elstelä	-	proper	12	-	-	-	-	-
-	Elster	-	proper	6	-	-	-	-	-
-	Elzerman	-	proper	5	-	-	-	-	-
-	Embrich	-	proper	5	-	-	-	-	-
-	Enbuske	-	proper	8	-	-	-	-	-
-	Enckell	-	proper	5	-	-	-	-	-
-	Endō	-	proper	21|1	-	-	-	-	-
-	Enehjelm	-	proper	5	-	-	-	-	-
-	Engberg	-	proper	5	-	-	-	-	-
-	Engel	-	proper	6	-	-	-	-	-
-	Engelberg	-	proper	5	-	-	-	-	-
-	Engels	-	proper	5	-	-	-	-	-
-	Englund	-	proper	5	-	-	-	-	-
-	Engman	-	proper	5	-	-	-	-	-
-	Engström	-	proper	5	-	-	-	-	-
-	Enne	-	proper	8	-	-	-	-	-
-	Enqvist	-	proper	5	-	-	-	-	-
-	Enroth	-	proper	5	-	-	-	-	-
-	Erdogan	-	proper	6	-	-	-	-	-
-	Erdoğan	-	proper	5	-	-	-	-	-
-	Eremenko	-	proper	1	-	-	-	-	-
-	Erholtz	-	proper	5	-	-	-	-	-
-	Ericson	-	proper	5	-	-	-	-	-
-	Ericsson	-	proper	5	-	-	-	-	-
-	Eriksen	-	proper	5	-	-	-	-	-
-	Eriksson	-	proper	5	-	-	-	-	-
-	Erixon	-	proper	5	-	-	-	-	-
-	Erkkilä	-	proper	12	-	-	-	-	-
-	Erkko	-	proper	1	kk:k	-	-	-	-
-	Ernst	-	proper	5	-	-	-	-	-
-	Erola	-	proper	12	-	-	-	-	-
-	Eronen	-	proper	38	-	-	-	-	-
-	Ertl	-	proper	5	-	-	-	-	-
-	Ervast	-	proper	5	-	-	-	-	-
-	Ervasti	-	proper	5	-	-	-	-	-
-	Eränen	-	proper	38	-	-	-	-	-
-	Eskelinen	-	proper	38	-	-	-	-	-
-	Esko	-	proper	1	-	-	-	-	-
-	Eskola	-	proper	12	-	-	-	-	-
-	Esposito	-	proper	1	-	-	-	-	-
-	Essayah	-	proper	5	-	-	-	-	-
-	Essen	-	proper	6	-	-	-	-	-
-	Esser	-	proper	6	-	-	-	-	-
-	Estlander	-	proper	6	-	-	-	-	-
-	Etholén	-	proper	5	-	-	-	-	-
-	Etter	-	proper	6	-	-	-	-	-
-	Etula	-	proper	12	-	-	-	-	-
-	Etxebarria	-	proper	12	-	-	-	-	-
-	Euler	-	proper	6	-	-	-	-	-
-	Evans	-	proper	5	-	-	-	-	-
-	Evensen	-	proper	5	-	-	-	-	-
-	Everdingen	-	proper	6	-	-	-	-	-
-	Everton	-	proper	5	-	-	-	-	-
-	Evilä	-	proper	12	-	-	-	-	-
-	Fabre	-	proper	8	-	-	-	-	-
-	Fabricius	-	proper	39	-	-	-	-	-
-	Fabritius	-	proper	39	-	-	-	-	-
-	Faehlmann	-	proper	5	-	-	-	-	-
-	Fagerholm	-	proper	5	-	-	-	-	-
-	Fagerlund	-	proper	5	-	-	-	-	-
-	Fagerström	-	proper	5	-	-	-	-	-
-	Falck	-	proper	5	-	-	-	-	-
-	Falco	-	proper	1	-	-	-	-	-
-	Falcón	-	proper	5	-	-	-	-	-
-	Falk	-	proper	5	-	-	-	-	-
-	Falkenberg	-	proper	5	-	-	-	-	-
-	Fanchini	-	proper	5	-	-	-	-	-
-	Faraday	-	proper	21	-	front|back	i|y	-	-
-	Farage	-	proper	8	-	-	-	-	-
-	Farina	-	proper	13	-	-	-	-	-
-	Farkas	-	proper	39	-	-	-	-	-
-	Fasel	-	proper	6	-	-	-	-	-
-	Favorin	-	proper	5	-	-	-	-	-
-	Favén	-	proper	5	-	-	-	-	-
-	Federer	-	proper	6	-	-	-	-	-
-	Federley	-	proper	21	-	-	i|y	-	-
-	Fellman	-	proper	5	-	-	-	-	-
-	Ferber	-	proper	6	-	-	-	-	-
-	Ferguson	-	proper	5	-	-	-	-	-
-	Fermat	-	proper	22|†5	-	-	-	-	-
-	Fernandes	-	proper	39	-	-	-	-	-
-	Fernandez	-	proper	5	-	-	-	-	-
-	Fernández	-	proper	5	-	-	-	-	-
-	Ferrari	-	proper	6	-	-	-	-	-
-	Ferreira	-	proper	?13|9	-	-	-	-	-
-	Ferrer	-	proper	6	-	-	-	-	-
-	Fiala	-	proper	9	-	-	-	-	-
-	Fieandt	-	proper	5	-	-	-	-	-
-	Figueroa	-	proper	10	-	-	-	-	-
-	Filppula	-	proper	12	-	-	-	-	-
-	Fincke	-	proper	8	-	-	-	-	-
-	Fink	-	proper	5	-	-	-	-	-
-	Finni	-	proper	5	-	-	-	-	-
-	Fischer	-	proper	6	-	-	-	-	-
-	Fischler	-	proper	5	-	-	-	-	-
-	Fisher	-	proper	6	-	-	-	-	-
-	Fitzgerald	-	proper	5	-	-	-	-	-
-	Fjodorov	-	proper	5	-	-	-	-	-
-	Fleming	-	proper	5	-	-	-	-	-
-	Fletcher	-	proper	6	-	-	-	-	-
-	Flinck	-	proper	5	-	-	-	-	-
-	Flink	-	proper	5	-	-	-	-	-
-	Flinkkilä	-	proper	12	-	-	-	-	-
-	Flo	-	proper	21	-	-	-	-	-
-	Florenz	-	proper	5	-	-	-	-	-
-	Flores	-	proper	39	-	-	-	-	-
-	Floyd	-	proper	5	-	-	-	-	-
-	Flynn	-	proper	5	-	-	-	-	-
-	Flöjt	-	proper	5	-	-	-	-	-
-	Fofana	-	proper	12	-	-	-	-	-
-	Fohström	-	proper	5	-	-	-	-	-
-	Fomenko	-	proper	1	-	-	-	-	-
-	Fonseca	-	proper	9	-	-	-	-	-
-	Fontaine	-	proper	8	-	-	-	-	-
-	Fontana	-	proper	12	-	-	-	-	-
-	Forbes	-	proper	39	-	-	-	-	-
-	Fors	-	proper	5	-	-	-	-	-
-	Forsberg	-	proper	5	-	-	-	-	-
-	Forsblom	-	proper	5	-	-	-	-	-
-	Forsell	-	proper	5	-	-	-	-	-
-	Forselles	-	proper	39	-	-	-	-	-
-	Forsgren	-	proper	5	-	-	-	-	-
-	Forsman	-	proper	5	-	-	-	-	-
-	Forss	-	proper	5	-	-	-	-	-
-	Forssell	-	proper	5	-	-	-	-	-
-	Forsström	-	proper	5	-	-	-	-	-
-	Forstén	-	proper	5	-	-	-	-	-
-	Fossum	-	proper	5	-	-	-	-	-
-	Foster	-	proper	6	-	-	-	-	-
-	Fougstedt	-	proper	5	-	-	-	-	-
-	Fourcade	-	proper	8	-	-	-	-	-
-	Fournier	-	proper	22|†5	-	-	-	-	-
-	Fox	-	proper	5	-	-	-	-	-
-	Frahm	-	proper	5	-	-	-	-	-
-	Francis	-	proper	39	-	-	-	-	-
-	Franck	-	proper	5	-	-	-	-	-
-	Franco	-	proper	1	-	-	-	-	-
-	Franklin	-	proper	5	-	-	-	-	-
-	Franko	-	proper	1	-	-	-	-	-
-	Franssila	-	proper	13	-	-	-	-	-
-	Fraser	-	proper	6	-	-	-	-	-
-	Frasson	-	proper	6	-	-	-	-	-
-	Frazier	-	proper	5	-	-	-	-	-
-	Fredrikson	-	proper	5	-	-	-	-	-
-	Fredriksson	-	proper	5	-	-	-	-	-
-	Freedericksz	-	proper	5	-	-	-	-	-
-	Freeman	-	proper	5	-	-	-	-	-
-	Frei	-	proper	18	-	-	-	-	-
-	French	-	proper	5	-	-	-	-	-
-	Frenckell	-	proper	5	-	-	-	-	-
-	Freud	-	proper	5	-	-	-	-	-
-	Freund	-	proper	5	-	-	-	-	-
-	Frey	-	proper	21	-	-	i|y	-	-
-	Friberg	-	proper	5	-	-	-	-	-
-	Friedman	-	proper	5	-	-	-	-	-
-	Friedrich	-	proper	5	-	-	-	-	-
-	Friis	-	proper	5	-	-	-	-	-
-	Frilander	-	proper	6	-	-	-	-	-
-	Friman	-	proper	5	-	-	-	-	-
-	Fritsch	-	proper	5	-	-	-	-	-
-	Friðriksson	-	proper	5	-	-	-	-	-
-	Fromm	-	proper	5	-	-	-	-	-
-	Frost	-	proper	5	-	-	-	-	-
-	Frosterus	-	proper	39	-	-	-	-	-
-	Fry	-	proper	21	-	front|back	i|y	-	-
-	Fuchs	-	proper	5	-	-	-	-	-
-	Fuente	-	proper	8	-	-	-	-	-
-	Fujimoto	-	proper	1	-	-	-	-	-
-	Fujimura	-	proper	10	-	-	-	-	-
-	Fujita	-	proper	9	-	-	-	-	-
-	Fujiwara	-	proper	9	-	-	-	-	-
-	Fukuda	-	proper	10	-	-	-	-	-
-	Fukuhara	-	proper	9	-	-	-	-	-
-	Fulkila	-	proper	13	-	-	-	-	-
-	Fulton	-	proper	6	-	-	-	-	-
-	Furrer	-	proper	6	-	-	-	-	-
-	Furuhjelm	-	proper	5	-	-	-	-	-
-	Furuholm	-	proper	5	-	-	-	-	-
-	Félix	-	proper	5	-	-	-	-	-
-	Förster	-	proper	6	-	-	-	-	-
-	Försti	-	proper	5	-	-	-	-	-
-	Gadd	-	proper	5	-	-	-	-	-
-	Gaddafi	-	proper	5	-	-	-	-	-
-	Gaddi	-	proper	5	-	-	-	-	-
-	Gade	-	proper	8	-	-	-	-	-
-	Gadolin	-	proper	5	-	-	-	-	-
-	Gagern	-	proper	5	-	-	-	-	-
-	Gaillard	-	proper	5	-	-	-	-	-
-	Galilei	-	proper	18	-	-	-	-	-
-	Galimov	-	proper	5	-	-	-	-	-
-	Galindo	-	proper	1	-	-	-	-	-
-	Gallagher	-	proper	5	-	-	-	-	-
-	Galli	-	proper	5	-	-	-	-	-
-	Galán	-	proper	5	-	-	-	-	-
-	Gama	-	proper	9	-	-	-	-	-
-	Gandhi	-	proper	5	-	-	-	-	-
-	Ganna	-	proper	9	-	-	-	-	-
-	Gao	-	proper	1	-	-	-	-	-
-	Garcia	-	proper	12	-	-	-	-	-
-	García	-	proper	12	-	-	-	-	-
-	Gardie	-	proper	8|21	-	-	-	-	-
-	Gardner	-	proper	6	-	-	-	-	-
-	Garibaldi	-	proper	5	-	-	-	-	-
-	Garitano	-	proper	2	-	-	-	-	-
-	Gartz	-	proper	5	-	-	-	-	-
-	Gasparin	-	proper	5	-	-	-	-	-
-	Gassot	-	proper	22|†5	-	-	-	-	-
-	Gates	-	proper	5	-	-	-	-	-
-	Gaultier	-	proper	22|†5	-	-	-	-	-
-	Gaup	-	proper	5	-	-	-	-	-
-	Gauss	-	proper	5	-	-	-	-	-
-	Gautama	-	proper	11	-	-	-	-	-
-	Gauthier	-	proper	22|†5	-	-	-	-	-
-	Gautier	-	proper	22|†5	-	-	-	-	-
-	Gebhard	-	proper	5	-	-	-	-	-
-	Geiger	-	proper	6	-	-	-	-	-
-	Geitel	-	proper	6	-	-	-	-	-
-	Genetz	-	proper	5	-	-	-	-	-
-	Gennäs	-	proper	5	-	-	-	-	-
-	Gentile	-	proper	8	-	-	-	-	-
-	Georgescu	-	proper	1	-	-	-	-	-
-	Gerber	-	proper	6	-	-	-	-	-
-	Gerich	-	proper	5	-	-	-	-	-
-	Geurts	-	proper	5	-	-	-	-	-
-	Gherardini	-	proper	5	-	-	-	-	-
-	Ghirlandaio	-	proper	3	-	-	-	-	-
-	Gibson	-	proper	6	-	-	-	-	-
-	Giger	-	proper	6	-	-	-	-	-
-	Gil	-	proper	5	-	-	-	-	-
-	Gilbert	-	proper	5	-	-	-	-	-
-	Ginsburg	-	proper	5	-	-	-	-	-
-	Ginzburg	-	proper	5	-	-	-	-	-
-	Giordano	-	proper	2	-	-	-	-	-
-	Giovinazzi	-	proper	5	-	-	-	-	-
-	Girardot	-	proper	22|†5	-	-	-	-	-
-	Glad	-	proper	5	-	-	-	-	-
-	Gleeson	-	proper	6	-	-	-	-	-
-	Glen	-	proper	5	-	-	-	-	-
-	Glenn	-	proper	5	-	-	-	-	-
-	Gluhov	-	proper	5	-	-	-	-	-
-	Godenhjelm	-	proper	5	-	-	-	-	-
-	Goebbels	-	proper	5	-	-	-	-	-
-	Goethe	-	proper	8	-	-	-	-	-
-	Goldbach	-	proper	5	-	-	-	-	-
-	Goldziher	-	proper	6	-	-	-	-	-
-	Golovin	-	proper	5	-	-	-	-	-
-	Gomes	-	proper	39	-	-	-	-	-
-	Gomez	-	proper	5	-	-	-	-	-
-	Gomis	-	proper	39	-	-	-	-	-
-	Gontšarov	-	proper	5	-	-	-	-	-
-	González	-	proper	5	-	-	-	-	-
-	Gonçalves	-	proper	39	-	-	-	-	-
-	Goodman	-	proper	6	-	-	-	-	-
-	Goodyear	-	proper	5	-	-	-	-	-
-	Gordon	-	proper	6	-	-	-	-	-
-	Gotō	-	proper	?21|1	-	-	-	-	-
-	Gould	-	proper	5	-	-	-	-	-
-	Goulding	-	proper	5	-	-	-	-	-
-	Goßler	-	proper	6	-	-	-	-	-
-	Gracia	-	proper	12	-	-	-	-	-
-	Graefe	-	proper	8	-	-	-	-	-
-	Graf	-	proper	5	-	-	-	-	-
-	Grafström	-	proper	5	-	-	-	-	-
-	Graham	-	proper	5	-	-	-	-	-
-	Grahn	-	proper	5	-	-	-	-	-
-	Granberg	-	proper	5	-	-	-	-	-
-	Grande	-	proper	8	-	-	-	-	-
-	Granfelt	-	proper	5	-	-	-	-	-
-	Granholm	-	proper	5	-	-	-	-	-
-	Granlund	-	proper	5	-	-	-	-	-
-	Granqvist	-	proper	5	-	-	-	-	-
-	Granström	-	proper	5	-	-	-	-	-
-	Grant	-	proper	5	-	-	-	-	-
-	Granö	-	proper	21|†1	-	-	-	-	-
-	Gray	-	proper	21	-	front|back	i|y	-	-
-	Graça	-	proper	9	-	-	-	-	-
-	Green	-	proper	5	-	-	-	-	-
-	Greene	-	proper	8	-	-	-	-	-
-	Grenqvist	-	proper	5	-	-	-	-	-
-	Grimm	-	proper	5	-	-	-	-	-
-	Gripenberg	-	proper	5	-	-	-	-	-
-	Groot	-	proper	5	-	-	-	-	-
-	Grotenfelt	-	proper	5	-	-	-	-	-
-	Groß	-	proper	5	-	-	-	-	-
-	Gruber	-	proper	6	-	-	-	-	-
-	Grundström	-	proper	5	-	-	-	-	-
-	Gräsbeck	-	proper	5	-	-	-	-	-
-	Gröhn	-	proper	5	-	-	-	-	-
-	Grön	-	proper	5	-	-	-	-	-
-	Grönberg	-	proper	5	-	-	-	-	-
-	Gröndahl	-	proper	5	-	-	-	-	-
-	Grönhagen	-	proper	5	-	-	-	-	-
-	Grönholm	-	proper	5	-	-	-	-	-
-	Grönlund	-	proper	5	-	-	-	-	-
-	Grönman	-	proper	5	-	-	-	-	-
-	Grönqvist	-	proper	5	-	-	-	-	-
-	Grönroos	-	proper	5	-	-	-	-	-
-	Grönstrand	-	proper	5	-	-	-	-	-
-	Grönvall	-	proper	5	-	-	-	-	-
-	Guaidó	-	proper	1	-	-	-	-	-
-	Guardiola	-	proper	9	-	-	-	-	-
-	Guerrero	-	proper	2	-	-	-	-	-
-	Guggenheim	-	proper	5	-	-	-	-	-
-	Guillaume	-	proper	8	-	-	-	-	-
-	Gulbrandsen	-	proper	5	-	-	-	-	-
-	Gullichsen	-	proper	6	-	-	-	-	-
-	Gummerus	-	proper	39	-	-	-	-	-
-	Gundersen	-	proper	5	-	-	-	-	-
-	Gunnarsdóttir	-	proper	5	-	-	-	-	-
-	Gunnarsson	-	proper	5	-	-	-	-	-
-	Gusev	-	proper	5	-	-	-	-	-
-	Gustafson	-	proper	5	-	-	-	-	-
-	Gustafsson	-	proper	5	-	-	-	-	-
-	Gustavsson	-	proper	5	-	-	-	-	-
-	Gutenberg	-	proper	5	-	-	-	-	-
-	Guterres	-	proper	5	-	-	-	-	-
-	Gutiérrez	-	proper	5	-	-	-	-	-
-	Guttorm	-	proper	5	-	-	-	-	-
-	Guttormsen	-	proper	5	-	-	-	-	-
-	Guyot	-	proper	22|†5	-	-	-	-	-
-	Guzenina	-	proper	9	-	-	-	-	-
-	Guzmán	-	proper	5	-	-	-	-	-
-	Guðmundsson	-	proper	5	-	-	-	-	-
-	Gyarmati	-	proper	5	-	-	-	-	-
-	Gyldén	-	proper	5	-	-	-	-	-
-	Gyllenborg	-	proper	5	-	-	-	-	-
-	Gylling	-	proper	5	-	-	-	-	-
-	Gábor	-	proper	5	-	-	-	-	-
-	Gómez	-	proper	5	-	-	-	-	-
-	Göransson	-	proper	5	-	-	-	-	-
-	Göring	-	proper	5	-	-	-	-	-
-	Götz	-	proper	5	-	-	-	-	-
-	Göös	-	proper	5	-	-	-	-	-
-	Günther	-	proper	6	-	-	-	-	-
-	Haahti	-	proper	5	-	-	-	-	-
-	Haaja	-	proper	9	-	-	-	-	-
-	Haajanen	-	proper	38	-	-	-	-	-
-	Haakana	-	proper	12	-	-	-	-	-
-	Haan	-	proper	5	-	-	-	-	-
-	Haapa	-	proper	9	-	-	-	-	-
-	Haapala	-	proper	12	-	-	-	-	-
-	Haapalainen	-	proper	38	-	-	-	-	-
-	Haapanen	-	proper	38	-	-	-	-	-
-	Haara	-	proper	9	-	-	-	-	-
-	Haarala	-	proper	12	-	-	-	-	-
-	Haaranen	-	proper	38	-	-	-	-	-
-	Haarder	-	proper	5	-	-	-	-	-
-	Haarla	-	proper	9	-	-	-	-	-
-	Haartman	-	proper	5	-	-	-	-	-
-	Haas	-	proper	5	-	-	-	-	-
-	Haase	-	proper	8	-	-	-	-	-
-	Haatainen	-	proper	38	-	-	-	-	-
-	Haataja	-	proper	10	-	-	-	-	-
-	Haatanen	-	proper	38	-	-	-	-	-
-	Haavikko	-	proper	4	kk:k	-	-	-	-
-	Haavisto	-	proper	1	-	-	-	-	-
-	Habsburg	-	proper	5	-	-	-	-	-
-	Hackman	-	proper	5	-	-	-	-	-
-	Haga	-	proper	9	-	-	-	-	-
-	Hagelberg	-	proper	5	-	-	-	-	-
-	Hagelstam	-	proper	5	-	-	-	-	-
-	Hagen	-	proper	5	-	-	-	-	-
-	Hagfors	-	proper	5	-	-	-	-	-
-	Haglund	-	proper	5	-	-	-	-	-
-	Hagman	-	proper	5	-	-	-	-	-
-	Hagström	-	proper	5	-	-	-	-	-
-	Hahl	-	proper	5	-	-	-	-	-
-	Hahn	-	proper	5	-	-	-	-	-
-	Haider	-	proper	5	-	-	-	-	-
-	Haikala	-	proper	12	-	-	-	-	-
-	Haikka	-	proper	9	kk:k	-	-	-	-
-	Haikonen	-	proper	38	-	-	-	-	-
-	Haimi	-	proper	5	-	-	-	-	-
-	Hakala	-	proper	12	-	-	-	-	-
-	Hakanen	-	proper	38	-	-	-	-	-
-	Hakkarainen	-	proper	38	-	-	-	-	-
-	Hako	-	proper	1	-	-	-	-	-
-	Hakola	-	proper	12	-	-	-	-	-
-	Hakulinen	-	proper	38	-	-	-	-	-
-	Halfvarsson	-	proper	5	-	-	-	-	-
-	Halinen	-	proper	38	-	-	-	-	-
-	Halkola	-	proper	12	-	-	-	-	-
-	Hall	-	proper	5	-	-	-	-	-
-	Halla	-	proper	9	-	-	-	-	-
-	Hallberg	-	proper	5	-	-	-	-	-
-	Halldórsson	-	proper	5	-	-	-	-	-
-	Hallikainen	-	proper	38	-	-	-	-	-
-	Halme	-	proper	48	-	-	-	-	-
-	Halonen	-	proper	38	-	-	-	-	-
-	Halsti	-	proper	5	-	-	-	-	-
-	Halttu	-	proper	1	tt:t	-	-	-	-
-	Halttunen	-	proper	38	-	-	-	-	-
-	Halvorsen	-	proper	5	-	-	-	-	-
-	Hamada	-	proper	9	-	-	-	-	-
-	Hamann	-	proper	5	-	-	-	-	-
-	Hamara	-	proper	12	-	-	-	-	-
-	Hamberg	-	proper	5	-	-	-	-	-
-	Hamilton	-	proper	6	-	-	-	-	-
-	Hammar	-	proper	6	-	-	-	-	-
-	Hammond	-	proper	5	-	-	-	-	-
-	Hancock	-	proper	5	-	-	-	-	-
-	Hanhela	-	proper	13	-	-	-	-	-
-	Hannikainen	-	proper	38	-	-	-	-	-
-	Hanninen	-	proper	38	-	-	-	-	-
-	Hannola	-	proper	12	-	-	-	-	-
-	Hannukainen	-	proper	38	-	-	-	-	-
-	Hannula	-	proper	12	-	-	-	-	-
-	Hannus	-	proper	39	-	-	-	-	-
-	Hansen	-	proper	6	-	-	-	-	-
-	Hanski	-	proper	5	-	-	-	-	-
-	Hansson	-	proper	5	-	-	-	-	-
-	Hanttu	-	proper	1	tt:t	-	-	-	-
-	Happonen	-	proper	38	-	-	-	-	-
-	Hara	-	proper	9	-	-	-	-	-
-	Harada	-	proper	9	-	-	-	-	-
-	Harala	-	proper	12	-	-	-	-	-
-	Harding	-	proper	5	-	-	-	-	-
-	Hardwick	-	proper	5	-	-	-	-	-
-	Hardy	-	proper	1	-	-	-	-	-
-	Haritonov	-	proper	5	-	-	-	-	-
-	Harjanne	-	proper	48	nt:nn	-	-	-	-
-	Harju	-	proper	1	-	-	-	-	-
-	Harjula	-	proper	12	-	-	-	-	-
-	Harkimo	-	proper	2	-	-	-	-	-
-	Harlin	-	proper	5	-	-	-	-	-
-	Harmaja	-	proper	9	-	-	-	-	-
-	Haro	-	proper	1	-	-	-	-	-
-	Harper	-	proper	5	-	-	-	-	-
-	Harrington	-	proper	5	-	-	-	-	-
-	Harris	-	proper	39	-	-	-	-	-
-	Harrison	-	proper	5	-	-	-	-	-
-	Hart	-	proper	5	-	-	-	-	-
-	Hartikainen	-	proper	38	-	-	-	-	-
-	Hartikka	-	proper	14	kk:k	-	-	-	-
-	Hartley	-	proper	21	-	front|back	i|y	-	-
-	Hartman	-	proper	5	-	-	-	-	-
-	Hartmann	-	proper	5	-	-	-	-	-
-	Hartonen	-	proper	38	-	-	-	-	-
-	Harvey	-	proper	21	-	front|back	i|y	-	-
-	Hasegawa	-	proper	9	-	-	-	-	-
-	Hashimoto	-	proper	1	-	-	-	-	-
-	Hassi	-	proper	5	-	-	-	-	-
-	Hassinen	-	proper	38	-	-	-	-	-
-	Hast	-	proper	5	-	-	-	-	-
-	Hatakka	-	proper	14	kk:k	-	-	-	-
-	Hattestad	-	proper	5	-	-	-	-	-
-	Hatzidakis	-	proper	5|†39	-	-	-	-	-
-	Haug	-	proper	5	-	-	-	-	-
-	Haugen	-	proper	5	-	-	-	-	-
-	Hauhia	-	proper	12	-	-	-	-	-
-	Haukio	-	proper	3	-	-	-	-	-
-	Haukka	-	proper	9	kk:k	-	-	-	-
-	Haukkala	-	proper	12	-	-	-	-	-
-	Hauptmann	-	proper	5	-	-	-	-	-
-	Hauru	-	proper	1	-	-	-	-	-
-	Hausen	-	proper	5	-	-	-	-	-
-	Hautala	-	proper	12	-	-	-	-	-
-	Havas	-	proper	39	-	-	-	-	-
-	Havel	-	proper	5	-	-	-	-	-
-	Haverinen	-	proper	38	-	-	-	-	-
-	Havukainen	-	proper	38	-	-	-	-	-
-	Hawkins	-	proper	5	-	-	-	-	-
-	Hayashi	-	proper	5	-	-	-	-	-
-	Hayes	-	proper	5	-	-	-	-	-
-	Hazard	-	proper	5	-	-	-	-	-
-	Hašek	-	proper	5	-	-	-	-	-
-	He	-	proper	21	-	-	-	-	-
-	Heard	-	proper	5	-	-	-	-	-
-	Hedberg	-	proper	5	-	-	-	-	-
-	Hedlund	-	proper	5	-	-	-	-	-
-	Hedman	-	proper	5	-	-	-	-	-
-	Hegel	-	proper	6	-	-	-	-	-
-	Heiberg	-	proper	5	-	-	-	-	-
-	Heickell	-	proper	5	-	-	-	-	-
-	Heikel	-	proper	5	-	-	-	-	-
-	Heikka	-	proper	9	kk:k	-	-	-	-
-	Heikkala	-	proper	12	-	-	-	-	-
-	Heikkilä	-	proper	12	-	-	-	-	-
-	Heikkinen	-	proper	38	-	-	-	-	-
-	Heikura	-	proper	12	-	-	-	-	-
-	Heilala	-	proper	12	-	-	-	-	-
-	Heimo	-	proper	1	-	-	-	-	-
-	Heimonen	-	proper	38	-	-	-	-	-
-	Hein	-	proper	5	-	-	-	-	-
-	Heine	-	proper	8	-	-	-	-	-
-	Heininen	-	proper	38	-	-	-	-	-
-	Heiniö	-	proper	3	-	-	-	-	-
-	Heino	-	proper	1	-	-	-	-	-
-	Heinola	-	proper	12	-	-	-	-	-
-	Heinonen	-	proper	38	-	-	-	-	-
-	Heinänen	-	proper	38	-	-	-	-	-
-	Heisenberg	-	proper	5	-	-	-	-	-
-	Heiskanen	-	proper	38	-	-	-	-	-
-	Hekka	-	proper	9	kk:k	-	-	-	-
-	Hela	-	proper	9	-	-	-	-	-
-	Helander	-	proper	6	-	-	-	-	-
-	Helanen	-	proper	38	-	-	-	-	-
-	Helenius	-	proper	39	-	-	-	-	-
-	Helgadóttir	-	proper	5	-	-	-	-	-
-	Helgesen	-	proper	5	-	-	-	-	-
-	Helin	-	proper	5	-	-	-	-	-
-	Hellberg	-	proper	5	-	-	-	-	-
-	Helle	-	proper	48	lt:ll	-	-	-	-
-	Hellens	-	proper	5	-	-	-	-	-
-	Hellman	-	proper	5	-	-	-	-	-
-	Hellsten	-	proper	5	-	-	-	-	-
-	Hellström	-	proper	5	-	-	-	-	-
-	Hellén	-	proper	5	-	-	-	-	-
-	Helminen	-	proper	38	-	-	-	-	-
-	Helo	-	proper	1	-	-	-	-	-
-	Hemmilä	-	proper	12	-	-	-	-	-
-	Hemming	-	proper	5	-	-	-	-	-
-	Henderson	-	proper	5	-	-	-	-	-
-	Hendrix	-	proper	5	-	-	-	-	-
-	Henkel	-	proper	5	-	-	-	-	-
-	Henningsen	-	proper	5	-	-	-	-	-
-	Henriksen	-	proper	5	-	-	-	-	-
-	Henriksson	-	proper	5	-	-	-	-	-
-	Henry	-	proper	1	-	-	-	-	-
-	Henttonen	-	proper	38	-	-	-	-	-
-	Hentunen	-	proper	38	-	-	-	-	-
-	Hepburn	-	proper	5	-	-	-	-	-
-	Herala	-	proper	12	-	-	-	-	-
-	Heraštšenko	-	proper	1	-	-	-	-	-
-	Herbert	-	proper	5	-	-	-	-	-
-	Herczeg	-	proper	5	-	-	-	-	-
-	Herlin	-	proper	5	-	-	-	-	-
-	Hernández	-	proper	5	-	-	-	-	-
-	Herola	-	proper	12	-	-	-	-	-
-	Herold	-	proper	5	-	-	-	-	-
-	Herrala	-	proper	12	-	-	-	-	-
-	Herranen	-	proper	38	-	-	-	-	-
-	Herrera	-	proper	13	-	-	-	-	-
-	Herrmann	-	proper	5	-	-	-	-	-
-	Hersent	-	proper	5	-	-	-	-	-
-	Hertzen	-	proper	5	-	-	-	-	-
-	Herva	-	proper	9	-	-	-	-	-
-	Herzog	-	proper	5	-	-	-	-	-
-	Heusala	-	proper	12	-	-	-	-	-
-	Hidaka	-	proper	9	-	-	-	-	-
-	Hietala	-	proper	12	-	-	-	-	-
-	Hietanen	-	proper	38	-	-	-	-	-
-	Hietikko	-	proper	4	kk:k	-	-	-	-
-	Higashi	-	proper	5	-	-	-	-	-
-	Higgins	-	proper	5	-	-	-	-	-
-	Higgs	-	proper	5	-	-	-	-	-
-	Hiisku	-	proper	1	-	-	-	-	-
-	Hildebrand	-	proper	5	-	-	-	-	-
-	Hildén	-	proper	5	-	-	-	-	-
-	Hill	-	proper	5	-	-	-	-	-
-	Hillberg	-	proper	5	-	-	-	-	-
-	Hiller	-	proper	6	-	-	-	-	-
-	Hilli	-	proper	5	-	-	-	-	-
-	Hiltunen	-	proper	38	-	-	-	-	-
-	Himanen	-	proper	38	-	-	-	-	-
-	Himanka	-	proper	9	nk:ng	-	-	-	-
-	Himberg	-	proper	5	-	-	-	-	-
-	Hintikainen	-	proper	38	-	-	-	-	-
-	Hintikka	-	proper	14	kk:k	-	-	-	-
-	Hintz	-	proper	5	-	-	-	-	-
-	Hintze	-	proper	8	-	-	-	-	-
-	Hirano	-	proper	2	-	-	-	-	-
-	Hirn	-	proper	5	-	-	-	-	-
-	Hirscher	-	proper	6	-	-	-	-	-
-	Hirvas	-	proper	41|39	-	-	-	-	-
-	Hirvelä	-	proper	12	-	-	-	-	-
-	Hirvi	-	proper	5	-	-	-	-	-
-	Hirvonen	-	proper	38	-	-	-	-	-
-	Hisinger	-	proper	5	-	-	-	-	-
-	Hitchcock	-	proper	5	-	-	-	-	-
-	Hitler	-	proper	6	-	-	-	-	-
-	Hiukka	-	proper	9	kk:k	-	-	-	-
-	Hjelmman	-	proper	5	-	-	-	-	-
-	Hjelt	-	proper	5	-	-	-	-	-
-	Hjärne	-	proper	8	-	-	-	-	-
-	Hobbes	-	proper	5	-	-	-	-	-
-	Hoel	-	proper	5	-	-	-	-	-
-	Hofer	-	proper	6	-	-	-	-	-
-	Hoff	-	proper	5	-	-	-	-	-
-	Hoffman	-	proper	5	-	-	-	-	-
-	Hoffmann	-	proper	5	-	-	-	-	-
-	Hoffrén	-	proper	5	-	-	-	-	-
-	Hofmann	-	proper	5	-	-	-	-	-
-	Hogan	-	proper	5	-	-	-	-	-
-	Hoikkala	-	proper	12	-	-	-	-	-
-	Hokkanen	-	proper	38	-	-	-	-	-
-	Holappa	-	proper	14	pp:p	-	-	-	-
-	Holden	-	proper	5	-	-	-	-	-
-	Holland	-	proper	5	-	-	-	-	-
-	Holli	-	proper	5	-	-	-	-	-
-	Hollmén	-	proper	5	-	-	-	-	-
-	Hollo	-	proper	1	-	-	-	-	-
-	Holm	-	proper	5	-	-	-	-	-
-	Holma	-	proper	10	-	-	-	-	-
-	Holmberg	-	proper	5	-	-	-	-	-
-	Holmes	-	proper	39	-	-	-	-	-
-	Holmqvist	-	proper	5	-	-	-	-	-
-	Holmström	-	proper	5	-	-	-	-	-
-	Holmén	-	proper	5	-	-	-	-	-
-	Holopainen	-	proper	38	-	-	-	-	-
-	Holst	-	proper	5	-	-	-	-	-
-	Holttinen	-	proper	38	-	-	-	-	-
-	Honda	-	proper	10	-	-	-	-	-
-	Hongisto	-	proper	1	-	-	-	-	-
-	Honka	-	proper	10	-	-	-	-	-
-	Honkala	-	proper	12	-	-	-	-	-
-	Honkanen	-	proper	38	-	-	-	-	-
-	Honkola	-	proper	12	-	-	-	-	-
-	Honkonen	-	proper	38	-	-	-	-	-
-	Hooper	-	proper	6	-	-	-	-	-
-	Hopkins	-	proper	5	-	-	-	-	-
-	Horn	-	proper	5	-	-	-	-	-
-	Hornborg	-	proper	5	-	-	-	-	-
-	Horthy	-	proper	1	-	-	-	-	-
-	Horváth	-	proper	5	-	-	-	-	-
-	Hoshino	-	proper	2	-	-	-	-	-
-	Hosia	-	proper	12	-	-	-	-	-
-	Hoskonen	-	proper	38	-	-	-	-	-
-	Hosokawa	-	proper	9	-	-	-	-	-
-	Hostikka	-	proper	14	kk:k	-	-	-	-
-	Hotakainen	-	proper	38	-	-	-	-	-
-	Houston	-	proper	6	-	-	-	-	-
-	Hovi	-	proper	5	-	-	-	-	-
-	Hovinen	-	proper	38	-	-	-	-	-
-	Hovland	-	proper	5	-	-	-	-	-
-	Howard	-	proper	5	-	-	-	-	-
-	Howe	-	proper	8	-	-	-	-	-
-	Hoxha	-	proper	10	-	-	-	-	-
-	Hradecky	-	proper	1	-	front|back	-	nstd	1.000
-	Hradecký	-	proper	?21|1	-	-	-	-	-
-	Hristov	-	proper	5	-	-	-	-	-
-	Hruštšev	-	proper	5	-	-	-	-	-
-	Hruštšov	-	proper	5	-	-	-	-	-
-	Hu	-	proper	21	-	-	-	-	-
-	Huang	-	proper	5	-	-	-	-	-
-	Huber	-	proper	6	-	-	-	-	-
-	Hudd	-	proper	5	-	-	-	-	-
-	Huff	-	proper	5	-	-	-	-	-
-	Hughes	-	proper	39	-	-	-	-	-
-	Huhta	-	proper	10	-	-	-	-	-
-	Huhtala	-	proper	12	-	-	-	-	-
-	Huhtanen	-	proper	38	-	-	-	-	-
-	Huhtinen	-	proper	38	-	-	-	-	-
-	Hukka	-	proper	10	kk:k	-	-	-	-
-	Hukkanen	-	proper	38	-	-	-	-	-
-	Hukkinen	-	proper	38	-	-	-	-	-
-	Huldén	-	proper	5	-	-	-	-	-
-	Hulkko	-	proper	1	kk:k	-	-	-	-
-	Hulkkonen	-	proper	38	-	-	-	-	-
-	Hulten	-	proper	5	-	-	-	-	-
-	Hultin	-	proper	5	-	-	-	-	-
-	Hume	-	proper	8	-	-	-	-	-
-	Hunt	-	proper	5	-	-	-	-	-
-	Huntington	-	proper	5	-	-	-	-	-
-	Huotari	-	proper	6	-	-	-	-	-
-	Huovila	-	proper	13	-	-	-	-	-
-	Huovinen	-	proper	38	-	-	-	-	-
-	Hurley	-	proper	21	-	front|back	i|y	-	-
-	Hurme	-	proper	48	-	-	-	-	-
-	Hurri	-	proper	5	-	-	-	-	-
-	Hurskainen	-	proper	38	-	-	-	-	-
-	Hurske	-	proper	48	-	-	-	-	-
-	Hursti	-	proper	5	-	-	-	-	-
-	Husain	-	proper	5	-	-	-	-	-
-	Huth	-	proper	5	-	-	-	-	-
-	Huttu	-	proper	1	tt:t	-	-	-	-
-	Huttunen	-	proper	38	-	-	-	-	-
-	Huuhka	-	proper	10	-	-	-	-	-
-	Huuhtanen	-	proper	38	-	-	-	-	-
-	Huusko	-	proper	1	-	-	-	-	-
-	Huuskonen	-	proper	38	-	-	-	-	-
-	Huutonen	-	proper	38	-	-	-	-	-
-	Huxley	-	proper	21	-	front|back	i|y	-	-
-	Huygens	-	proper	5	-	-	-	-	-
-	Hynninen	-	proper	38	-	-	-	-	-
-	Hynynen	-	proper	38	-	-	-	-	-
-	Hyppö	-	proper	1	pp:p	-	-	-	-
-	Hyppönen	-	proper	38	-	-	-	-	-
-	Hyrkkö	-	proper	1	kk:k	-	-	-	-
-	Hyrkäs	-	proper	41	kk:k	-	-	-	-
-	Hyry	-	proper	1	-	-	-	-	-
-	Hysén	-	proper	5	-	-	-	-	-
-	Hytti	-	proper	5	tt:t	-	-	-	-
-	Hyttinen	-	proper	38	-	-	-	-	-
-	Hytönen	-	proper	38	-	-	-	-	-
-	Hyvärinen	-	proper	38	-	-	-	-	-
-	Hyvönen	-	proper	38	-	-	-	-	-
-	Hyyryläinen	-	proper	38	-	-	-	-	-
-	Hyyrynen	-	proper	38	-	-	-	-	-
-	Hyytiä	-	proper	12	-	-	-	-	-
-	Hyytiäinen	-	proper	38	-	-	-	-	-
-	Hägg	-	proper	5	-	-	-	-	-
-	Häggblom	-	proper	5	-	-	-	-	-
-	Hägglund	-	proper	5	-	-	-	-	-
-	Häggman	-	proper	5	-	-	-	-	-
-	Häikiö	-	proper	3	-	-	-	-	-
-	Häkkilä	-	proper	12	-	-	-	-	-
-	Häkkinen	-	proper	38	-	-	-	-	-
-	Häkkänen	-	proper	38	-	-	-	-	-
-	Hällström	-	proper	5	-	-	-	-	-
-	Hämäläinen	-	proper	38	-	-	-	-	-
-	Hännikäinen	-	proper	38	-	-	-	-	-
-	Hänninen	-	proper	38	-	-	-	-	-
-	Härkin	-	proper	33	kk:k	-	-	-	-
-	Härkälä	-	proper	12	-	-	-	-	-
-	Härkönen	-	proper	38	-	-	-	-	-
-	Härmä	-	proper	10	-	-	-	-	-
-	Hätönen	-	proper	38	-	-	-	-	-
-	Häyhä	-	proper	10	-	-	-	-	-
-	Häyrinen	-	proper	38	-	-	-	-	-
-	Häyrynen	-	proper	38	-	-	-	-	-
-	Håkansson	-	proper	5	-	-	-	-	-
-	Högberg	-	proper	5	-	-	-	-	-
-	Höglund	-	proper	5	-	-	-	-	-
-	Högnäs	-	proper	5	-	-	-	-	-
-	Högström	-	proper	5	-	-	-	-	-
-	Hösflot	-	proper	5	-	-	-	-	-
-	Høsflot	-	proper	5	-	-	-	-	-
-	Hübner	-	proper	6	-	-	-	-	-
-	Ibrahimovic	-	proper	5	-	-	-	-	-
-	Ibrahimović	-	proper	5	-	-	-	-	-
-	Ibsen	-	proper	?6	-	-	-	-	-
-	Ichikawa	-	proper	9	-	-	-	-	-
-	Idestam	-	proper	5	-	-	-	-	-
-	Idström	-	proper	5	-	-	-	-	-
-	Iglesias	-	proper	5	-	-	-	-	-
-	Ignatius	-	proper	39	-	-	-	-	-
-	Ignatjev	-	proper	5	-	-	-	-	-
-	Ihala	-	proper	12	-	-	-	-	-
-	Ihalainen	-	proper	38	-	-	-	-	-
-	Ihanus	-	proper	39	-	-	-	-	-
-	Iisalo	-	proper	2	-	-	-	-	-
-	Iiskola	-	proper	12	-	-	-	-	-
-	Iivarinen	-	proper	38	-	-	-	-	-
-	Iivonen	-	proper	38	-	-	-	-	-
-	Ijäs	-	proper	39	-	-	-	-	-
-	Ikeda	-	proper	9	-	-	-	-	-
-	Ikola	-	proper	12	-	-	-	-	-
-	Ikonen	-	proper	38	-	-	-	-	-
-	Ikäläinen	-	proper	38	-	-	-	-	-
-	Ilkka	-	proper	9	kk:k	-	-	-	-
-	Ilmari	-	proper	?6	-	-	-	-	-
-	Ilmoni	-	proper	?6	-	-	-	-	-
-	Ilola	-	proper	12	-	-	-	-	-
-	Ilonen	-	proper	38	-	-	-	-	-
-	Ilta	-	proper	9	lt:ll	-	-	-	-
-	Immonen	-	proper	38	-	-	-	-	-
-	Impiö	-	proper	3	-	-	-	-	-
-	Ingebretsen	-	proper	?6	-	-	-	-	-
-	Ingebrigtsen	-	proper	?6	-	-	-	-	-
-	Ingelius	-	proper	39	-	-	-	-	-
-	Ingman	-	proper	5	-	-	-	-	-
-	Ingram	-	proper	5	-	-	-	-	-
-	Inkala	-	proper	12	-	-	-	-	-
-	Inkeroinen	-	proper	38	-	-	-	-	-
-	Inkinen	-	proper	38	-	-	-	-	-
-	Innala	-	proper	12	-	-	-	-	-
-	Innanen	-	proper	38	-	-	-	-	-
-	Inoue	-	proper	8	-	-	-	-	-
-	Invenius	-	proper	39	-	-	-	-	-
-	Iommi	-	proper	5	-	-	-	-	-
-	Ionescu	-	proper	1	-	-	-	-	-
-	Isaksen	-	proper	?6	-	-	-	-	-
-	Isaksson	-	proper	5	-	-	-	-	-
-	Ishida	-	proper	9	-	-	-	-	-
-	Ishihara	-	proper	9	-	-	-	-	-
-	Ishii	-	proper	18	-	-	-	-	-
-	Ishikawa	-	proper	9	-	-	-	-	-
-	Issakainen	-	proper	38	-	-	-	-	-
-	Istala	-	proper	12	-	-	-	-	-
-	Itkonen	-	proper	38	-	-	-	-	-
-	Itälä	-	proper	12	-	-	-	-	-
-	Itävalo	-	proper	2	-	-	-	-	-
-	Itō	-	proper	?21|1	-	-	-	-	-
-	Ivanov	-	proper	5	-	-	-	-	-
-	Ivarsson	-	proper	5	-	-	-	-	-
-	Iversen	-	proper	?6	-	-	-	-	-
-	Iwabuchi	-	proper	5	-	-	-	-	-
-	Iwata	-	proper	9	-	-	-	-	-
-	Jaakkola	-	proper	12	-	-	-	-	-
-	Jaakola	-	proper	12	-	-	-	-	-
-	Jaatinen	-	proper	38	-	-	-	-	-
-	Jackson	-	proper	6	-	-	-	-	-
-	Jacobi	-	proper	5	-	-	-	-	-
-	Jacobsen	-	proper	?6	-	-	-	-	-
-	Jacobsson	-	proper	5	-	-	-	-	-
-	Jakobsen	-	proper	?6	-	-	-	-	-
-	Jakobsson	-	proper	5	-	-	-	-	-
-	Jakovlev	-	proper	5	-	-	-	-	-
-	Jalander	-	proper	5	-	-	-	-	-
-	Jalava	-	proper	10	-	-	-	-	-
-	Jalkanen	-	proper	38	-	-	-	-	-
-	Jallow	-	proper	22|†5	-	-	u	-	-
-	Jalo	-	proper	1	-	-	-	-	-
-	Jalonen	-	proper	38	-	-	-	-	-
-	James	-	proper	39	-	-	-	-	-
-	Janhunen	-	proper	38	-	-	-	-	-
-	Jansen	-	proper	6	-	-	-	-	-
-	Janssen	-	proper	?6	-	-	-	-	-
-	Jansson	-	proper	5	-	-	-	-	-
-	Jantunen	-	proper	38	-	-	-	-	-
-	Janukovytš	-	proper	5	-	-	-	-	-
-	Jauhiainen	-	proper	38	-	-	-	-	-
-	Javanainen	-	proper	38	-	-	-	-	-
-	Jašin	-	proper	5	-	-	-	-	-
-	Jefferson	-	proper	6	-	-	-	-	-
-	Jegorova	-	proper	10	-	-	-	-	-
-	Jekimov	-	proper	5	-	-	-	-	-
-	Jeltsin	-	proper	6	-	-	-	-	-
-	Jenkins	-	proper	5	-	-	-	-	-
-	Jenner	-	proper	?6	-	-	-	-	-
-	Jennings	-	proper	5	-	-	-	-	-
-	Jensen	-	proper	?6	-	-	-	-	-
-	Jenssen	-	proper	?6	-	-	-	-	-
-	Jernström	-	proper	5	-	-	-	-	-
-	Jimenez	-	proper	5	-	-	-	-	-
-	Jiménez	-	proper	5	-	-	-	-	-
-	Joel	-	proper	5	-	-	-	-	-
-	Johannes	2	proper	5	-	-	-	-	-
-	Johannesen	-	proper	?6	-	-	-	-	-
-	Johannessen	-	proper	?6	-	-	-	-	-
-	Johansen	-	proper	?6	-	-	-	-	-
-	Johanson	-	proper	?6	-	-	-	-	-
-	Johansson	-	proper	5	-	-	-	-	-
-	Johaug	-	proper	5	-	-	-	-	-
-	John	-	proper	5	-	-	-	-	-
-	Johnsen	-	proper	?6	-	-	-	-	-
-	Johnson	-	proper	6	-	-	-	-	-
-	Johnsson	-	proper	5	-	-	-	-	-
-	Johnston	-	proper	?6	-	-	-	-	-
-	Jokela	-	proper	12	-	-	-	-	-
-	Jokelainen	-	proper	38	-	-	-	-	-
-	Jokelin	-	proper	5	-	-	-	-	-
-	Joki	-	proper	5	-	-	-	-	-
-	Jokinen	-	proper	38	-	-	-	-	-
-	Jonckheer	-	proper	5	-	-	-	-	-
-	Jones	-	proper	5	-	-	-	-	-
-	Jong	-	proper	5	-	-	-	-	-
-	Jonsson	-	proper	5	-	-	-	-	-
-	Jorma	-	proper	10	-	-	-	-	-
-	Jormakka	-	proper	14	kk:k	-	-	-	-
-	Joronen	-	proper	38	-	-	-	-	-
-	Jotuni	-	proper	?6	-	-	-	-	-
-	Joubert	-	proper	5	-	-	-	-	-
-	Jouhki	-	proper	5	-	-	-	-	-
-	Jouppila	-	proper	13	-	-	-	-	-
-	Joutsen	-	proper	?6	-	-	-	-	-
-	Joyce	-	proper	8	-	-	-	-	-
-	Juhola	-	proper	12	-	-	-	-	-
-	Julin	-	proper	5	-	-	-	-	-
-	Julku	-	proper	1	-	-	-	-	-
-	Julkunen	-	proper	38	-	-	-	-	-
-	Juncker	-	proper	6	-	-	-	-	-
-	Jung	-	proper	5	-	-	-	-	-
-	Jungner	-	proper	6	-	-	-	-	-
-	Junkers	-	proper	5	-	-	-	-	-
-	Junkkarinen	-	proper	38	-	-	-	-	-
-	Junnila	-	proper	12	-	-	-	-	-
-	Junno	-	proper	1	-	-	-	-	-
-	Junttila	-	proper	12	-	-	-	-	-
-	Juntto	-	proper	1	tt:t	-	-	-	-
-	Juntunen	-	proper	38	-	-	-	-	-
-	Juola	-	proper	10	-	-	-	-	-
-	Jurado	-	proper	1	-	-	-	-	-
-	Jurkka	-	proper	10	kk:k	-	-	-	-
-	Jurva	-	proper	10	-	-	-	-	-
-	Jurvelin	-	proper	5	-	-	-	-	-
-	Jussila	-	proper	12	-	-	-	-	-
-	Jutila	-	proper	12	-	-	-	-	-
-	Juurakko	-	proper	4	kk:k	-	-	-	-
-	Juurikkala	-	proper	12	-	-	-	-	-
-	Juusela	-	proper	13	-	-	-	-	-
-	Juutilainen	-	proper	38	-	-	-	-	-
-	Juutinen	-	proper	38	-	-	-	-	-
-	Juva	-	proper	10	-	-	-	-	-
-	Juvonen	-	proper	38	-	-	-	-	-
-	Juštšenko	-	proper	1	-	-	-	-	-
-	Jylhä	-	proper	10	-	-	-	-	-
-	Jyrkinen	-	proper	38	-	-	-	-	-
-	Jyrkkä	-	proper	10	kk:k	-	-	-	-
-	Jägerhorn	-	proper	5	-	-	-	-	-
-	Jämsä	-	proper	10	-	-	-	-	-
-	Jämsén	-	proper	5	-	-	-	-	-
-	Jäntti	-	proper	5	tt:t	-	-	-	-
-	Jäppinen	-	proper	38	-	-	-	-	-
-	Järnefelt	-	proper	5	-	-	-	-	-
-	Järvelä	-	proper	12	-	-	-	-	-
-	Järveläinen	-	proper	38	-	-	-	-	-
-	Järvi	-	proper	7	-	-	-	-	-
-	Järvinen	-	proper	38	-	-	-	-	-
-	Jääskeläinen	-	proper	38	-	-	-	-	-
-	Jæger	-	proper	6	-	-	-	-	-
-	Jóhannsson	-	proper	5	-	-	-	-	-
-	Jónsdóttir	-	proper	5	-	-	-	-	-
-	Jönsson	-	proper	5	-	-	-	-	-
-	Jørgensen	-	proper	?6	-	-	-	-	-
-	Kaakinen	-	proper	38	-	-	-	-	-
-	Kaario	-	proper	3	-	-	-	-	-
-	Kaarna	-	proper	9	-	-	-	-	-
-	Kaarne	-	proper	8	-	-	-	-	-
-	Kaartinen	-	proper	38	-	-	-	-	-
-	Kaasalainen	-	proper	38	-	-	-	-	-
-	Kaasinen	-	proper	38	-	-	-	-	-
-	Kaczmarek	-	proper	5	-	-	-	-	-
-	Kadlec	-	proper	5	-	-	-	-	-
-	Kagawa	-	proper	9	-	-	-	-	-
-	Kahlas	-	proper	41	-	-	-	-	-
-	Kahma	-	proper	9	-	-	-	-	-
-	Kahn	-	proper	5	-	-	-	-	-
-	Kahra	-	proper	9	-	-	-	-	-
-	Kaikkonen	-	proper	38	-	-	-	-	-
-	Kaila	-	proper	9	-	-	-	-	-
-	Kailas	-	proper	41	-	-	-	-	-
-	Kainulainen	-	proper	38	-	-	-	-	-
-	Kainz	-	proper	5	-	-	-	-	-
-	Kaipainen	-	proper	38	-	-	-	-	-
-	Kaitainen	-	proper	38	-	-	-	-	-
-	Kaitila	-	proper	13	-	-	-	-	-
-	Kaivola	-	proper	12	-	-	-	-	-
-	Kajander	-	proper	6	-	-	-	-	-
-	Kajanto	-	proper	1	-	-	-	-	-
-	Kajova	-	proper	10	-	-	-	-	-
-	Kakko	-	proper	1	-	-	-	-	-
-	Kaksonen	-	proper	38	-	-	-	-	-
-	Kala	-	proper	9	-	-	-	-	-
-	Kalervo	-	proper	1	-	-	-	-	-
-	Kalima	-	proper	9	-	-	-	-	-
-	Kallas	-	proper	39	-	-	-	-	-
-	Kalliala	-	proper	9	-	-	-	-	-
-	Kallinen	-	proper	38	-	-	-	-	-
-	Kallio	-	proper	3	-	-	-	-	-
-	Kallunki	-	proper	5	-	-	-	-	-
-	Kallur	-	proper	6	-	-	-	-	-
-	Kalmberg	-	proper	5	-	-	-	-	-
-	Kalpala	-	proper	12	-	-	-	-	-
-	Kalulu	-	proper	1	-	-	-	-	-
-	Kaminen	-	proper	38	-	-	-	-	-
-	Kamo	-	proper	1	-	-	-	-	-
-	Kamppuri	-	proper	?6	-	-	-	-	-
-	Kamu	-	proper	1	-	-	-	-	-
-	Kananen	-	proper	38	-	-	-	-	-
-	Kanda	-	proper	9	-	-	-	-	-
-	Kane	-	proper	8	-	-	-	-	-
-	Kaneda	-	proper	9	-	-	-	-	-
-	Kaneko	-	proper	1	-	-	-	-	-
-	Kanerva	-	proper	11	-	-	-	-	-
-	Kanervo	-	proper	1	-	-	-	-	-
-	Kangas	-	proper	41	nk:ng	-	-	-	-
-	Kangro	-	proper	1	-	-	-	-	-
-	Kankainen	-	proper	38	-	-	-	-	-
-	Kankkonen	-	proper	38	-	-	-	-	-
-	Kankkunen	-	proper	38	-	-	-	-	-
-	Kanninen	-	proper	38	-	-	-	-	-
-	Kannisto	-	proper	1	-	-	-	-	-
-	Kant	-	proper	5	-	-	-	-	-
-	Kantanen	-	proper	38	-	-	-	-	-
-	Kantele	-	proper	8	-	-	-	-	-
-	Kantelinen	-	proper	38	-	-	-	-	-
-	Kanto	-	proper	1	-	-	-	-	-
-	Kantola	-	proper	12	-	-	-	-	-
-	Kanō	-	proper	?21|1	-	-	-	-	-
-	Kapanen	-	proper	38	-	-	-	-	-
-	Kare	-	proper	8	-	-	-	-	-
-	Karhu	-	proper	1	-	-	-	-	-
-	Karhula	-	proper	12	-	-	-	-	-
-	Karhunen	-	proper	38	-	-	-	-	-
-	Kari	-	proper	5	-	-	-	-	-
-	Karila	-	proper	13	-	-	-	-	-
-	Karjala	-	proper	12	-	-	-	-	-
-	Karjalainen	-	proper	38	-	-	-	-	-
-	Karlsson	-	proper	5	-	-	-	-	-
-	Karpela	-	proper	12	-	-	-	-	-
-	Karpo	-	proper	1	-	-	-	-	-
-	Karppanen	-	proper	38	-	-	-	-	-
-	Karppinen	-	proper	38	-	-	-	-	-
-	Karsten	-	proper	?6	-	-	-	-	-
-	Kartano	-	proper	2	-	-	-	-	-
-	Karttunen	-	proper	38	-	-	-	-	-
-	Karu	-	proper	1	-	-	-	-	-
-	Karvinen	-	proper	38	-	-	-	-	-
-	Karvonen	-	proper	38	-	-	-	-	-
-	Kasai	-	proper	18	-	-	-	-	-
-	Kaskela	-	proper	13	-	-	-	-	-
-	Kaski	-	proper	5	-	-	-	-	-
-	Kaskinen	-	proper	38	-	-	-	-	-
-	Kasparov	-	proper	5	-	-	-	-	-
-	Kassila	-	proper	13	-	-	-	-	-
-	Kasslin	-	proper	5	-	-	-	-	-
-	Kasvio	-	proper	3	-	-	-	-	-
-	Katainen	-	proper	38	-	-	-	-	-
-	Kataja	-	proper	10	-	-	-	-	-
-	Katajisto	-	proper	1	-	-	-	-	-
-	Katiforis	-	proper	5|†39	-	-	-	-	-
-	Katila	-	proper	13	-	-	-	-	-
-	Katona	-	proper	10	-	-	-	-	-
-	Katō	-	proper	?21|1	-	-	-	-	-
-	Kaufmann	-	proper	5	-	-	-	-	-
-	Kauhanen	-	proper	38	-	-	-	-	-
-	Kaukonen	-	proper	38	-	-	-	-	-
-	Kauma	-	proper	9	-	-	-	-	-
-	Kaunisto	-	proper	1	-	-	-	-	-
-	Kauppi	-	proper	5	pp:p	-	-	-	-
-	Kauppila	-	proper	12	-	-	-	-	-
-	Kauppinen	-	proper	38	-	-	-	-	-
-	Kauranen	-	proper	38	-	-	-	-	-
-	Kauste	-	proper	8	-	-	-	-	-
-	Kautto	-	proper	1	tt:t	-	-	-	-
-	Kawai	-	proper	18	-	-	-	-	-
-	Kawakami	-	proper	5	-	-	-	-	-
-	Kaye	-	proper	8	-	-	-	-	-
-	Kazakov	-	proper	5	-	-	-	-	-
-	Keen	-	proper	5	-	-	-	-	-
-	Keihäs	-	proper	39	-	-	-	-	-
-	Keinonen	-	proper	38	-	-	-	-	-
-	Keinänen	-	proper	38	-	-	-	-	-
-	Keisala	-	proper	12	-	-	-	-	-
-	Keizer	-	proper	6	-	-	-	-	-
-	Kejonen	-	proper	38	-	-	-	-	-
-	Kekki	-	proper	5	kk:k	-	-	-	-
-	Kekkonen	-	proper	38	-	-	-	-	-
-	Kekäläinen	-	proper	38	-	-	-	-	-
-	Kela	-	proper	9	-	-	-	-	-
-	Keller	-	proper	6	-	-	-	-	-
-	Kelly	-	proper	1	-	-	-	-	-
-	Kemilä	-	proper	12	-	-	-	-	-
-	Kemiläinen	-	proper	38	-	-	-	-	-
-	Kemp	-	proper	5	-	-	-	-	-
-	Kempe	-	proper	8	-	-	-	-	-
-	Kemppainen	-	proper	38	-	-	-	-	-
-	Kemppi	-	proper	5	pp:p	-	-	-	-
-	Kemppinen	-	proper	38	-	-	-	-	-
-	Kennedy	-	proper	1	-	-	-	-	-
-	Kepler	-	proper	6	-	-	-	-	-
-	Kerminen	-	proper	38	-	-	-	-	-
-	Kero	-	proper	1	-	-	-	-	-
-	Kerola	-	proper	12	-	-	-	-	-
-	Keronen	-	proper	38	-	-	-	-	-
-	Kerttula	-	proper	12	-	-	-	-	-
-	Kervinen	-	proper	38	-	-	-	-	-
-	Keränen	-	proper	38	-	-	-	-	-
-	Keskinen	-	proper	38	-	-	-	-	-
-	Kesti	-	proper	5	-	-	-	-	-
-	Ketelä	-	proper	12	-	-	-	-	-
-	Ketola	-	proper	12	-	-	-	-	-
-	Ketonen	-	proper	38	-	-	-	-	-
-	Kettunen	-	proper	38	-	-	-	-	-
-	Keys	-	proper	5	-	-	-	-	-
-	Khan	-	proper	5	-	-	-	-	-
-	Khashoggi	-	proper	5	-	-	-	-	-
-	Khomeini	-	proper	5	-	-	-	-	-
-	Kianto	-	proper	1	nt:nn	-	-	-	-
-	Kielland	-	proper	5	-	-	-	-	-
-	Kiiala	-	proper	9	-	-	-	-	-
-	Kiiski	-	proper	7	-	-	-	-	-
-	Kiiskilä	-	proper	12	-	-	-	-	-
-	Kiiskinen	-	proper	38	-	-	-	-	-
-	Kikuchi	-	proper	5	-	-	-	-	-
-	Kiljunen	-	proper	38	-	-	-	-	-
-	Killinen	-	proper	38	-	-	-	-	-
-	Kilpeläinen	-	proper	38	-	-	-	-	-
-	Kilpi	-	proper	5	-	-	-	-	-
-	Kilpinen	-	proper	38	-	-	-	-	-
-	Kilpiäinen	-	proper	38	-	-	-	-	-
-	Kimiläinen	-	proper	38	-	-	-	-	-
-	Kimpinen	-	proper	38	-	-	-	-	-
-	Kimura	-	proper	10	-	-	-	-	-
-	King	-	proper	5	-	-	-	-	-
-	Kinnock	-	proper	5	-	-	-	-	-
-	Kinnunen	-	proper	38	-	-	-	-	-
-	Kinoshita	-	proper	9	-	-	-	-	-
-	Kinsella	-	proper	9	-	-	-	-	-
-	Kinsey	-	proper	21	-	-	i|y	-	-
-	Kiprusoff	-	proper	5	-	-	-	-	-
-	Kirby	-	proper	1	-	-	-	-	-
-	Kirchhoff	-	proper	5	-	-	-	-	-
-	Kirjavainen	-	proper	38	-	-	-	-	-
-	Kirjonen	-	proper	38	-	-	-	-	-
-	Kirk	-	proper	5	-	-	-	-	-
-	Kirkhope	-	proper	8	-	-	-	-	-
-	Kirov	-	proper	5	-	-	-	-	-
-	Kirves	-	proper	39	-	-	-	-	-
-	Kishimoto	-	proper	1	-	-	-	-	-
-	Kiss	-	proper	5	-	-	-	-	-
-	Kissinger	-	proper	6	-	-	-	-	-
-	Kitagawa	-	proper	9	-	-	-	-	-
-	Kiukas	-	proper	41	kk:k	-	-	-	-
-	Kiuru	-	proper	1	-	-	-	-	-
-	Kivekäs	-	proper	39	-	-	-	-	-
-	Kivelä	-	proper	12	-	-	-	-	-
-	Kivi	-	proper	7	-	-	-	-	-
-	Kivinen	-	proper	38	-	-	-	-	-
-	Kivistö	-	proper	1	-	-	-	-	-
-	Kjær	-	proper	5	-	-	-	-	-
-	Klami	-	proper	5	-	-	-	-	-
-	Klamt	-	proper	5	-	-	-	-	-
-	Klein	-	proper	5	-	-	-	-	-
-	Klemetti	-	proper	5	-	-	-	-	-
-	Klemola	-	proper	12	-	-	-	-	-
-	Klenberg	-	proper	5	-	-	-	-	-
-	Klimenko	-	proper	1	-	-	-	-	-
-	Klimov	-	proper	5	-	-	-	-	-
-	Klinga	-	proper	9	-	-	-	-	-
-	Kluge	-	proper	8	-	-	-	-	-
-	Kläbo	-	proper	1	-	-	-	-	-
-	Klæbo	-	proper	1	-	-	-	-	-
-	Knight	-	proper	5	-	-	-	-	-
-	Knorring	-	proper	5	-	-	-	-	-
-	Knowles	-	proper	39	-	-	-	-	-
-	Knudsen	-	proper	6	-	-	-	-	-
-	Knutsen	-	proper	6	-	-	-	-	-
-	Knuutila	-	proper	12	-	-	-	-	-
-	Knuuttila	-	proper	13	-	-	-	-	-
-	Kobayashi	-	proper	5	-	-	-	-	-
-	Koch	-	proper	5	-	-	-	-	-
-	Kocsis	-	proper	39	-	-	-	-	-
-	Koga	-	proper	10	-	-	-	-	-
-	Kohonen	-	proper	38	-	-	-	-	-
-	Koistinen	-	proper	38	-	-	-	-	-
-	Koivisto	-	proper	1	-	-	-	-	-
-	Koivistoinen	-	proper	38	-	-	-	-	-
-	Koivu	-	proper	1	-	-	-	-	-
-	Koivula	-	proper	12	-	-	-	-	-
-	Koivunen	-	proper	38	-	-	-	-	-
-	Kojima	-	proper	9	-	-	-	-	-
-	Kojo	-	proper	1	-	-	-	-	-
-	Kok	-	proper	5	-	-	-	-	-
-	Kokko	-	proper	1	kk:k	-	-	-	-
-	Kokkola	-	proper	12	-	-	-	-	-
-	Kokkonen	-	proper	38	-	-	-	-	-
-	Kolari	-	proper	6	-	-	-	-	-
-	Kolehmainen	-	proper	38	-	-	-	-	-
-	Kolesnikov	-	proper	5	-	-	-	-	-
-	Kolho	-	proper	1	-	-	-	-	-
-	Koljonen	-	proper	38	-	-	-	-	-
-	Kolstad	-	proper	5	-	-	-	-	-
-	Kolář	-	proper	5	-	-	-	-	-
-	Komarov	-	proper	5	-	-	-	-	-
-	Komsi	-	proper	5	-	-	-	-	-
-	Komulainen	-	proper	38	-	-	-	-	-
-	Kondō	-	proper	21|1	-	-	-	-	-
-	Koning	-	proper	5	-	-	-	-	-
-	Konno	-	proper	1	-	-	-	-	-
-	Konovalov	-	proper	5	-	-	-	-	-
-	Konow	-	proper	5	-	-	-	-	-
-	Konrád	-	proper	5	-	-	-	-	-
-	Kontinen	-	proper	38	-	-	-	-	-
-	Kontio	-	proper	3	-	-	-	-	-
-	Kontkanen	-	proper	38	-	-	-	-	-
-	Konttinen	-	proper	38	-	-	-	-	-
-	Kopitar	-	proper	?6	-	-	-	-	-
-	Koponen	-	proper	38	-	-	-	-	-
-	Koppelo	-	proper	2	-	-	-	-	-
-	Kopra	-	proper	10	-	-	-	-	-
-	Koren	-	proper	?6	-	-	-	-	-
-	Korhonen	-	proper	38	-	-	-	-	-
-	Korkman	-	proper	5	-	-	-	-	-
-	Korolainen	-	proper	38	-	-	-	-	-
-	Koroljov	-	proper	5	-	-	-	-	-
-	Korpela	-	proper	12	-	-	-	-	-
-	Korpi	-	proper	7	p:v	-	-	-	-
-	Korpinen	-	proper	38	-	-	-	-	-
-	Korte	-	proper	48	tt:t	-	-	-	-
-	Kortelainen	-	proper	38	-	-	-	-	-
-	Korzeniowski	-	proper	5	-	-	-	-	-
-	Koskela	-	proper	12	-	-	-	-	-
-	Koskelainen	-	proper	38	-	-	-	-	-
-	Koskelo	-	proper	2	-	-	-	-	-
-	Koski	-	proper	7	-	-	-	-	-
-	Koskinen	-	proper	38	-	-	-	-	-
-	Koskull	-	proper	5	-	-	-	-	-
-	Kosola	-	proper	12	-	-	-	-	-
-	Kosonen	-	proper	38	-	-	-	-	-
-	Kostiainen	-	proper	38	-	-	-	-	-
-	Kostner	-	proper	6	-	-	-	-	-
-	Kostov	-	proper	5	-	-	-	-	-
-	Kosunen	-	proper	38	-	-	-	-	-
-	Kothen	-	proper	?6	-	-	-	-	-
-	Kotilainen	-	proper	38	-	-	-	-	-
-	Kotola	-	proper	12	-	-	-	-	-
-	Kotro	-	proper	1	-	-	-	-	-
-	Kottonen	-	proper	38	-	-	-	-	-
-	Kouchner	-	proper	6	-	-	-	-	-
-	Koukal	-	proper	6	-	-	-	-	-
-	Koukkari	-	proper	6	-	-	-	-	-
-	Kovalainen	-	proper	38	-	-	-	-	-
-	Kovalenko	-	proper	1	-	-	-	-	-
-	Kovaljov	-	proper	5	-	-	-	-	-
-	Kovanen	-	proper	38	-	-	-	-	-
-	Kovács	-	proper	5	-	-	-	-	-
-	Kowalski	-	proper	5	-	-	-	-	-
-	Koyama	-	proper	9	-	-	-	-	-
-	Kozlov	-	proper	5	-	-	-	-	-
-	Košir	-	proper	5	-	-	-	-	-
-	Kraemer	-	proper	6	-	-	-	-	-
-	Krafft	-	proper	5	-	-	-	-	-
-	Kramer	-	proper	6	-	-	-	-	-
-	Kraus	-	proper	5	-	-	-	-	-
-	Krause	-	proper	8	-	-	-	-	-
-	Krejčí	-	proper	21|8	-	-	-	-	-
-	Kretschmann	-	proper	5	-	-	-	-	-
-	Kristensen	-	proper	5	-	-	-	-	-
-	Kristersson	-	proper	5	-	-	-	-	-
-	Kristiansen	-	proper	5	-	-	-	-	-
-	Kristjánsdóttir	-	proper	5	-	-	-	-	-
-	Kristoffersen	-	proper	5	-	-	-	-	-
-	Krjukov	-	proper	5	-	-	-	-	-
-	Krog	-	proper	5	-	-	-	-	-
-	Krogerus	-	proper	39	-	-	-	-	-
-	Krogh	-	proper	5	-	-	-	-	-
-	Krohn	-	proper	5	-	-	-	-	-
-	Kronqvist	-	proper	5	-	-	-	-	-
-	Krook	-	proper	5	-	-	-	-	-
-	Kruse	-	proper	8	-	-	-	-	-
-	Král	-	proper	5	-	-	-	-	-
-	Kröger	-	proper	6	-	-	-	-	-
-	Krüger	-	proper	6	-	-	-	-	-
-	Kubica	-	proper	9	-	-	-	-	-
-	Kubo	-	proper	1	-	-	-	-	-
-	Kuckelkorn	-	proper	5	-	-	-	-	-
-	Kudō	-	proper	21|1	-	-	-	-	-
-	Kuhlström	-	proper	5	-	-	-	-	-
-	Kuhne	-	proper	8	-	-	-	-	-
-	Kuier	-	proper	5	-	-	-	-	-
-	Kuikka	-	proper	10	kk:k	-	-	-	-
-	Kuipers	-	proper	5	-	-	-	-	-
-	Kuisma	-	proper	10	-	-	-	-	-
-	Kuismanen	-	proper	38	-	-	-	-	-
-	Kuittinen	-	proper	38	-	-	-	-	-
-	Kuitunen	-	proper	38	-	-	-	-	-
-	Kuivalainen	-	proper	38	-	-	-	-	-
-	Kuivisto	-	proper	1	-	-	-	-	-
-	Kujala	-	proper	12	-	-	-	-	-
-	Kukko	-	proper	1	kk:k	-	-	-	-
-	Kukkola	-	proper	12	-	-	-	-	-
-	Kukkonen	-	proper	38	-	-	-	-	-
-	Kulcsár	-	proper	5	-	-	-	-	-
-	Kullas	-	proper	39	-	-	-	-	-
-	Kullberg	-	proper	5	-	-	-	-	-
-	Kulmala	-	proper	12	-	-	-	-	-
-	Kulmuni	-	proper	5	-	-	-	-	-
-	Kumagai	-	proper	18	-	-	-	-	-
-	Kumai	-	proper	18	-	-	-	-	-
-	Kumlin	-	proper	5	-	-	-	-	-
-	Kummola	-	proper	12|10	-	-	-	-	-
-	Kumpula	-	proper	12	-	-	-	-	-
-	Kumpulainen	-	proper	38	-	-	-	-	-
-	Kundt	-	proper	5	-	-	-	-	-
-	Kunnari	-	proper	6	-	-	-	-	-
-	Kunnas	-	proper	39	-	-	-	-	-
-	Kuokkanen	-	proper	38	-	-	-	-	-
-	Kuoppa	-	proper	10	pp:p	-	-	-	-
-	Kuoppala	-	proper	12	-	-	-	-	-
-	Kuosa	-	proper	10	-	-	-	-	-
-	Kuosmanen	-	proper	38	-	-	-	-	-
-	Kuparinen	-	proper	38	-	-	-	-	-
-	Kupiainen	-	proper	38	-	-	-	-	-
-	Kurata	-	proper	9	-	-	-	-	-
-	Kurikka	-	proper	14	kk:k	-	-	-	-
-	Kurkela	-	proper	13	-	-	-	-	-
-	Kurki	-	proper	7	k:j	-	-	-	-
-	Kurkinen	-	proper	38	-	-	-	-	-
-	Kuronen	-	proper	38	-	-	-	-	-
-	Kurtakko	-	proper	4	kk:k	-	-	-	-
-	Kurtbay	-	proper	21	-	front|back	i|y	-	-
-	Kurttila	-	proper	13	-	-	-	-	-
-	Kurvinen	-	proper	38	-	-	-	-	-
-	Kurz	-	proper	5	-	-	-	-	-
-	Kushner	-	proper	6	-	-	-	-	-
-	Kutila	-	proper	13	-	-	-	-	-
-	Kutsherov	-	proper	5	-	-	-	-	-
-	Kuukka	-	proper	10	kk:k	-	-	-	-
-	Kuula	-	proper	10	-	-	-	-	-
-	Kuusela	-	proper	12	-	-	-	-	-
-	Kuusi	-	proper	5	-	-	-	-	-
-	Kuusikko	-	proper	4	kk:k	-	-	-	-
-	Kuusinen	-	proper	38	-	-	-	-	-
-	Kuusisto	-	proper	1	-	-	-	-	-
-	Kuustonen	-	proper	38	-	-	-	-	-
-	Kuvaja	-	proper	9	-	-	-	-	-
-	Kuznetsov	-	proper	5	-	-	-	-	-
-	Kuznetsova	-	proper	10	-	-	-	-	-
-	Kučera	-	proper	13	-	-	-	-	-
-	Kwiatkowski	-	proper	5	-	-	-	-	-
-	Kykkänen	-	proper	38	-	-	-	-	-
-	Kyllönen	-	proper	38	-	-	-	-	-
-	Kylmänen	-	proper	38	-	-	-	-	-
-	Kymäläinen	-	proper	38	-	-	-	-	-
-	Kyrylenko	-	proper	1	-	-	-	-	-
-	Kyrö	-	proper	1	-	-	-	-	-
-	Kytölä	-	proper	12	-	-	-	-	-
-	Kárpáti	-	proper	5	-	-	-	-	-
-	Kähkönen	-	proper	38	-	-	-	-	-
-	Kähärä	-	proper	10	-	-	-	-	-
-	Kähönen	-	proper	38	-	-	-	-	-
-	Käihkö	-	proper	1	-	-	-	-	-
-	Käkönen	-	proper	38	-	-	-	-	-
-	Kälin	-	proper	5	-	-	-	-	-
-	Kämäräinen	-	proper	38	-	-	-	-	-
-	Kärki	-	proper	7	k:j	-	-	-	-
-	Kärkinen	-	proper	38	-	-	-	-	-
-	Kärkkäinen	-	proper	38	-	-	-	-	-
-	Kärnä	-	proper	10	-	-	-	-	-
-	Kärppä	-	proper	10	pp:p	-	-	-	-
-	Kärävä	-	proper	10	-	-	-	-	-
-	Käsmä	-	proper	10	-	-	-	-	-
-	Kätkä	-	proper	10	-	-	-	-	-
-	Käyhkö	-	proper	?21	-	-	-	-	-
-	Kääpä	-	proper	10	p:v	-	-	-	-
-	Kääriäinen	-	proper	38	-	-	-	-	-
-	Köhler	-	proper	6	-	-	-	-	-
-	Könönen	-	proper	38	-	-	-	-	-
-	Küng	-	proper	5	-	-	-	-	-
-	Kōno	-	proper	1	-	-	-	-	-
-	Laajala	-	proper	12	-	-	-	-	-
-	Laakkonen	-	proper	38	-	-	-	-	-
-	Laakso	-	proper	1	-	-	-	-	-
-	Laaksonen	-	proper	38	-	-	-	-	-
-	Laamanen	-	proper	38	-	-	-	-	-
-	Laasanen	-	proper	38	-	-	-	-	-
-	Laasonen	-	proper	38	-	-	-	-	-
-	Laatikainen	-	proper	38	-	-	-	-	-
-	Lacroix	-	proper	22|†5	-	-	a	-	-
-	Ladau	-	proper	21	-	-	-	-	-
-	Laestadius	-	proper	39	-	-	-	-	-
-	Lafont	-	proper	5	-	-	-	-	-
-	Lagarde	-	proper	8	-	-	-	-	-
-	Lagendijk	-	proper	5	-	-	-	-	-
-	Lagercrantz	-	proper	5	-	-	-	-	-
-	Lagerfeld	-	proper	5	-	-	-	-	-
-	Lagrange	-	proper	8	-	-	-	-	-
-	Lahtela	-	proper	13	-	-	-	-	-
-	Lahti	-	proper	7	t:d	-	-	-	-
-	Lahtinen	-	proper	38	-	-	-	-	-
-	Laihanen	-	proper	38	-	-	-	-	-
-	Laiho	-	proper	1	-	-	-	-	-
-	Laine	-	proper	48	-	-	-	-	-
-	Laitila	-	proper	12	-	-	-	-	-
-	Laitinen	-	proper	38	-	-	-	-	-
-	Lajunen	-	proper	38	-	-	-	-	-
-	Lallukka	-	proper	14	kk:k	-	-	-	-
-	Lamberg	-	proper	5	-	-	-	-	-
-	Lambert	-	proper	5	-	-	-	-	-
-	Lammi	-	proper	5	-	-	-	-	-
-	Lamminen	-	proper	38	-	-	-	-	-
-	Lampela	-	proper	12	-	-	-	-	-
-	Lampenius	-	proper	39	-	-	-	-	-
-	Lampi	-	proper	5	-	-	-	-	-
-	Lampila	-	proper	13	-	-	-	-	-
-	Lampinen	-	proper	38	-	-	-	-	-
-	Lamppu	-	proper	1	pp:p	-	-	-	-
-	Lampén	-	proper	5	-	-	-	-	-
-	Lamy	-	proper	1	-	-	-	-	-
-	Lang	-	proper	5	-	-	-	-	-
-	Lange	-	proper	8	-	-	-	-	-
-	Langenskiöld	-	proper	5	-	-	-	-	-
-	Langenskjöld	-	proper	5	-	-	-	-	-
-	Lanki	-	proper	5	-	-	-	-	-
-	Lankinen	-	proper	38	-	-	-	-	-
-	Lanne	-	proper	48	nt:nn	-	-	-	-
-	Lanne	-	proper	8	-	-	-	-	-
-	Lannoye	-	proper	8	-	-	-	-	-
-	Laporte	-	proper	8	-	-	-	-	-
-	Lappalainen	-	proper	38	-	-	-	-	-
-	Lappi	-	proper	5	pp:p	-	-	-	-
-	Larionov	-	proper	5	-	-	-	-	-
-	Larsen	-	proper	?6	-	-	-	-	-
-	Larsson	-	proper	5	-	-	-	-	-
-	Lasaroff	-	proper	5	-	-	-	-	-
-	Lasker	-	proper	6	-	-	-	-	-
-	Lassen	-	proper	?6	-	-	-	-	-
-	Lassila	-	proper	12	-	-	-	-	-
-	Lastunen	-	proper	38	-	-	-	-	-
-	Latainen	-	proper	38	-	-	-	-	-
-	Lattu	-	proper	1	tt:t	-	-	-	-
-	Latvala	-	proper	12	-	-	-	-	-
-	Lauda	-	proper	9	-	-	-	-	-
-	Laudrup	-	proper	5	-	-	-	-	-
-	Laukka	-	proper	9	kk:k	-	-	-	-
-	Laukkala	-	proper	12	-	-	-	-	-
-	Laukkanen	-	proper	38	-	-	-	-	-
-	Launis	-	proper	39	-	-	-	-	-
-	Launonen	-	proper	38	-	-	-	-	-
-	Laurel	-	proper	6	-	-	-	-	-
-	Laurent	-	proper	5	-	-	-	-	-
-	Laurikainen	-	proper	38	-	-	-	-	-
-	Laurila	-	proper	12	-	-	-	-	-
-	Lautala	-	proper	12	-	-	-	-	-
-	Lavikainen	-	proper	38	-	-	-	-	-
-	Lavoisier	-	proper	22|†5	-	-	-	-	-
-	Lavrov	-	proper	5	-	-	-	-	-
-	Lawrence	-	proper	8	-	-	-	-	-
-	Lax	-	proper	5	-	-	-	-	-
-	Leandersson	-	proper	5	-	-	-	-	-
-	Lebedev	-	proper	5	-	-	-	-	-
-	Leclerc	-	proper	5	-	-	-	-	-
-	Lee	-	proper	21	-	-	-	-	-
-	Lefèvre	-	proper	8	-	-	-	-	-
-	Legrand	-	proper	5	-	-	-	-	-
-	Lehikoinen	-	proper	38	-	-	-	-	-
-	Lehkonen	-	proper	38	-	-	-	-	-
-	Lehmann	-	proper	5	-	-	-	-	-
-	Lehmus	-	proper	39	-	-	-	-	-
-	Lehtelä	-	proper	12	-	-	-	-	-
-	Lehterä	-	proper	10	-	-	-	-	-
-	Lehti	-	proper	7	t:d	-	-	-	-
-	Lehtilä	-	proper	12	-	-	-	-	-
-	Lehtinen	-	proper	38	-	-	-	-	-
-	Lehto	-	proper	1	t:d	-	-	-	-
-	Lehtola	-	proper	12	-	-	-	-	-
-	Lehtonen	-	proper	38	-	-	-	-	-
-	Leibniz	-	proper	5	-	-	-	-	-
-	Leimu	-	proper	1	-	-	-	-	-
-	Leinen	-	proper	5	-	-	-	-	-
-	Leino	-	proper	1	-	-	-	-	-
-	Leinola	-	proper	12	-	-	-	-	-
-	Leinonen	-	proper	38	-	-	-	-	-
-	Leitner	-	proper	6	-	-	-	-	-
-	Leivo	-	proper	1	-	-	-	-	-
-	Leminen	-	proper	38	-	-	-	-	-
-	Lempinen	-	proper	38	-	-	-	-	-
-	Lempiäinen	-	proper	38	-	-	-	-	-
-	Lemström	-	proper	5	-	-	-	-	-
-	Lenin	-	proper	5	-	-	-	-	-
-	Lennartsson	-	proper	5	-	-	-	-	-
-	Lennon	-	proper	6	-	-	-	-	-
-	Lenz	-	proper	5	-	-	-	-	-
-	Leone	-	proper	8	-	-	-	-	-
-	Leoni	-	proper	5	-	-	-	-	-
-	Lepik	-	proper	5	-	-	-	-	-
-	Lepistö	-	proper	1	-	-	-	-	-
-	Lepola	-	proper	12	-	-	-	-	-
-	Leppälä	-	proper	12	-	-	-	-	-
-	Leppänen	-	proper	38	-	-	-	-	-
-	Lerche	-	proper	8	-	-	-	-	-
-	Leroy	-	proper	21	-	-	i|y	-	-
-	Leskelä	-	proper	12	-	-	-	-	-
-	Leskinen	-	proper	38	-	-	-	-	-
-	Lestadius	-	proper	39	-	-	-	-	-
-	Lester	-	proper	?6	-	-	-	-	-
-	Leutola	-	proper	12	-	-	-	-	-
-	Levengood	-	proper	5	-	-	-	-	-
-	Levi	-	proper	5	-	-	-	-	-
-	Levine	-	proper	8	-	-	-	-	-
-	Levonen	-	proper	38	-	-	-	-	-
-	Levänen	-	proper	38	-	-	-	-	-
-	Lewandowski	-	proper	5	-	-	-	-	-
-	Lewenhaupt	-	proper	5	-	-	-	-	-
-	Lewis	-	proper	39|5	-	-	-	-	-
-	Leyen	-	proper	5	-	-	-	-	-
-	León	-	proper	5	-	-	-	-	-
-	Li	-	proper	18	-	-	-	-	-
-	Lidman	-	proper	5	-	-	-	-	-
-	Lie	-	proper	21	-	-	-	-	-
-	Lieko	-	proper	1	-	-	-	-	-
-	Lienemann	-	proper	5	-	-	-	-	-
-	Lievonen	-	proper	38	-	-	-	-	-
-	Liikanen	-	proper	38	-	-	-	-	-
-	Liimatainen	-	proper	38	-	-	-	-	-
-	Liipola	-	proper	12	-	-	-	-	-
-	Liiv	-	proper	5	-	-	-	-	-
-	Lilius	-	proper	39	-	-	-	-	-
-	Lilja	-	proper	9	-	-	-	-	-
-	Liljeberg	-	proper	5	-	-	-	-	-
-	Liljegren	-	proper	?6	-	-	-	-	-
-	Liljeström	-	proper	5	-	-	-	-	-
-	Lillrank	-	proper	5	-	-	-	-	-
-	Lin	-	proper	5	-	-	-	-	-
-	Lind	-	proper	5	-	-	-	-	-
-	Lindahl	-	proper	5	-	-	-	-	-
-	Lindberg	-	proper	5	-	-	-	-	-
-	Lindblad	-	proper	5	-	-	-	-	-
-	Lindblom	-	proper	5	-	-	-	-	-
-	Linde	-	proper	8	-	-	-	-	-
-	Lindeberg	-	proper	5	-	-	-	-	-
-	Lindell	-	proper	5	-	-	-	-	-
-	Lindeman	-	proper	5	-	-	-	-	-
-	Lindemann	-	proper	5	-	-	-	-	-
-	Linder	-	proper	6	-	-	-	-	-
-	Lindfor	-	proper	5	-	-	-	-	-
-	Lindfors	-	proper	5	-	-	-	-	-
-	Lindgren	-	proper	5	-	-	-	-	-
-	Lindh	-	proper	5	-	-	-	-	-
-	Lindholm	-	proper	5	-	-	-	-	-
-	Lindman	-	proper	5	-	-	-	-	-
-	Lindqvist	-	proper	5	-	-	-	-	-
-	Lindroos	-	proper	5	-	-	-	-	-
-	Lindroth	-	proper	5	-	-	-	-	-
-	Lindsey	-	proper	21	-	front	i|y	-	-
-	Lindstedt	-	proper	5	-	-	-	-	-
-	Lindström	-	proper	5	-	-	-	-	-
-	Lindtman	-	proper	?6	-	-	-	-	-
-	Lindén	-	proper	5	-	-	-	-	-
-	Linjama	-	proper	10	-	-	-	-	-
-	Linko	-	proper	1	-	-	-	-	-
-	Linkola	-	proper	12	-	-	-	-	-
-	Linna	-	proper	9	-	-	-	-	-
-	Linnala	-	proper	12	-	-	-	-	-
-	Linné	-	proper	21	-	-	-	-	-
-	Lintilä	-	proper	12	-	-	-	-	-
-	Lintinen	-	proper	38	-	-	-	-	-
-	Lintula	-	proper	12	-	-	-	-	-
-	Lintunen	-	proper	38	-	-	-	-	-
-	Lipasti	-	proper	5	-	-	-	-	-
-	Lippi	-	proper	5	pp:p	-	-	-	-
-	Lipponen	-	proper	38	-	-	-	-	-
-	Lipsanen	-	proper	38	-	-	-	-	-
-	Liski	-	proper	5	-	-	-	-	-
-	Liszt	-	proper	5	-	-	-	-	-
-	Litmanen	-	proper	38	-	-	-	-	-
-	Little	-	proper	8	-	-	-	-	-
-	Littler	-	proper	6	-	-	-	-	-
-	Liu	-	proper	21	-	-	-	-	-
-	Liukko	-	proper	1	kk:k	-	-	-	-
-	Liukkonen	-	proper	38	-	-	-	-	-
-	Livingstone	-	proper	8	-	-	-	-	-
-	Ljungberg	-	proper	5	-	-	-	-	-
-	Llewellyn	-	proper	5	-	-	-	-	-
-	Llorente	-	proper	8	-	-	-	-	-
-	Lloyd	-	proper	5	-	-	-	-	-
-	Locatelli	-	proper	5	-	-	-	-	-
-	Locke	-	proper	8	-	-	-	-	-
-	Lode	-	proper	8	-	-	-	-	-
-	Logan	-	proper	6	-	-	-	-	-
-	Lohela	-	proper	13	-	-	-	-	-
-	Lohtander	-	proper	5	-	-	-	-	-
-	Loikkanen	-	proper	38	-	-	-	-	-
-	Loiri	-	proper	5	-	-	-	-	-
-	Lombardi	-	proper	5	-	-	-	-	-
-	Lommi	-	proper	5	-	-	-	-	-
-	Lopes	-	proper	39	-	-	-	-	-
-	Lopez	-	proper	5	-	-	-	-	-
-	Lorenz	-	proper	5	-	-	-	-	-
-	Lorenzo	-	proper	1	-	-	-	-	-
-	Lotvonen	-	proper	38	-	-	-	-	-
-	Louhi	-	proper	5	-	-	-	-	-
-	Louko	-	proper	1	-	-	-	-	-
-	Lovecraft	-	proper	5	-	-	-	-	-
-	Lowe	-	proper	8	-	-	-	-	-
-	Lozano	-	proper	2	-	-	-	-	-
-	Luca	-	proper	10	-	-	-	-	-
-	Lucas	-	proper	39	-	-	-	-	-
-	Ludford	-	proper	5	-	-	-	-	-
-	Ludwig	-	proper	5	-	-	-	-	-
-	Luhrmann	-	proper	5	-	-	-	-	-
-	Luik	-	proper	5	-	-	-	-	-
-	Luiro	-	proper	1	-	-	-	-	-
-	Lukašenka	-	proper	9	-	-	-	-	-
-	Lukka	-	proper	10	kk:k	-	-	-	-
-	Lukkari	-	proper	6	-	-	-	-	-
-	Lukkarinen	-	proper	38	-	-	-	-	-
-	Lumley	-	proper	21	-	front|back	i|y	-	-
-	Lumme	-	proper	48	mp:mm	-	-	-	-
-	Lund	-	proper	5	-	-	-	-	-
-	Lundahl	-	proper	5	-	-	-	-	-
-	Lundberg	-	proper	5	-	-	-	-	-
-	Lunde	-	proper	8	-	-	-	-	-
-	Lundell	-	proper	5	-	-	-	-	-
-	Lundgren	-	proper	?6	-	-	-	-	-
-	Lundh	-	proper	5	-	-	-	-	-
-	Lundkvist	-	proper	5	-	-	-	-	-
-	Lundquist	-	proper	5	-	-	-	-	-
-	Lundqvist	-	proper	5	-	-	-	-	-
-	Lundström	-	proper	5	-	-	-	-	-
-	Luo	-	proper	21	-	-	-	-	-
-	Luoma	-	proper	10	-	-	-	-	-
-	Luostarinen	-	proper	38	-	-	-	-	-
-	Luoto	-	proper	1	t:d	-	-	-	-
-	Luotonen	-	proper	38	-	-	-	-	-
-	Luther	-	proper	6	-	-	-	-	-
-	Luts	-	proper	5	-	-	-	-	-
-	Luttinen	-	proper	38	-	-	-	-	-
-	Luukkainen	-	proper	38	-	-	-	-	-
-	Luukkanen	-	proper	38	-	-	-	-	-
-	Luukkonen	-	proper	38	-	-	-	-	-
-	Lynch	-	proper	5	-	-	-	-	-
-	Lynn	-	proper	5	-	-	-	-	-
-	Lyttelton	-	proper	?6	-	-	-	-	-
-	Lyytikäinen	-	proper	38	-	-	-	-	-
-	Lyytinen	-	proper	38	-	-	-	-	-
-	Lähde	-	proper	48	t:d	-	-	-	-
-	Lämsä	-	proper	10	-	-	-	-	-
-	Länsman	-	proper	6	-	-	-	-	-
-	Lång	-	proper	5	-	-	-	-	-
-	Långbacka	-	proper	9	-	-	-	-	-
-	Lévy	-	proper	1	-	-	-	-	-
-	López	-	proper	5	-	-	-	-	-
-	Löfgren	-	proper	?6	-	-	-	-	-
-	Löfström	-	proper	5	-	-	-	-	-
-	Löfven	-	proper	?6	-	-	-	-	-
-	Löfving	-	proper	5	-	-	-	-	-
-	Lönnberg	-	proper	5	-	-	-	-	-
-	Lönnqvist	-	proper	5	-	-	-	-	-
-	Lönnrot	-	proper	5	-	-	-	-	-
-	Lönnström	-	proper	5	-	-	-	-	-
-	Lötjönen	-	proper	38	-	-	-	-	-
-	Löwenhielm	-	proper	5	-	-	-	-	-
-	Lőrincz	-	proper	5	-	-	-	-	-
-	Ma	-	proper	21	-	-	-	-	-
-	MacCormick	-	proper	5	-	-	-	-	-
-	MacGyver	-	proper	6	-	-	-	-	-
-	MacKinnon	-	proper	?6	-	-	-	-	-
-	Machado	-	proper	1	-	-	-	-	-
-	Macleod	-	proper	5	-	-	-	-	-
-	Macron	-	proper	6	-	-	-	-	-
-	Madsen	-	proper	6	-	-	-	-	-
-	Maduro	-	proper	1	-	-	-	-	-
-	Maeda	-	proper	9	-	-	-	-	-
-	Maes	-	proper	5	-	-	-	-	-
-	Maffei	-	proper	18	-	-	-	-	-
-	Magalhães	-	proper	5	-	-	-	-	-
-	Magnusson	-	proper	5	-	-	-	-	-
-	Magnússon	-	proper	5	-	-	-	-	-
-	Magritte	-	proper	8	-	-	-	-	-
-	Mahler	-	proper	6	-	-	-	-	-
-	Mahonen	-	proper	38	-	-	-	-	-
-	Mahoney	-	proper	21	-	front|back	i|y	-	-
-	Maier	-	proper	5	-	-	-	-	-
-	Maijala	-	proper	12	-	-	-	-	-
-	Maijanen	-	proper	38	-	-	-	-	-
-	Maikov	-	proper	5	-	-	-	-	-
-	Majuri	-	proper	6	-	-	-	-	-
-	Makaroff	-	proper	5	-	-	-	-	-
-	Makarov	-	proper	5	-	-	-	-	-
-	Makarova	-	proper	10	-	-	-	-	-
-	Makino	-	proper	2	-	-	-	-	-
-	Makkonen	-	proper	38	-	-	-	-	-
-	Makovski	-	proper	5	-	-	-	-	-
-	Maksimov	-	proper	5	-	-	-	-	-
-	Maksimović	-	proper	5	-	-	-	-	-
-	Malfoy	-	proper	21	-	-	i|y	-	-
-	Malin	-	proper	5	-	-	-	-	-
-	Malinen	-	proper	38	-	-	-	-	-
-	Malm	-	proper	5	-	-	-	-	-
-	Malmberg	-	proper	5	-	-	-	-	-
-	Malmström	-	proper	5	-	-	-	-	-
-	Malmstén	-	proper	5	-	-	-	-	-
-	Malsiner	-	proper	5	-	-	-	-	-
-	Mancinelli	-	proper	5	-	-	-	-	-
-	Mancini	-	proper	?6	-	-	-	-	-
-	Mandela	-	proper	12	-	-	-	-	-
-	Mankell	-	proper	5	-	-	-	-	-
-	Mann	-	proper	5	-	-	-	-	-
-	Manner	-	proper	49	nt:nn	-	-	-	-
-	Mannerheim	-	proper	5	-	-	-	-	-
-	Manni	-	proper	5	-	-	-	-	-
-	Mannila	-	proper	12	-	-	-	-	-
-	Manninen	-	proper	38	-	-	-	-	-
-	Manning	-	proper	5	-	-	-	-	-
-	Manrique	-	proper	8|21	-	-	-	-	-
-	Mantere	-	proper	8	-	-	-	-	-
-	Mantila	-	proper	13	-	-	-	-	-
-	Mao	-	proper	1	-	-	-	-	-
-	Maradona	-	proper	10	-	-	-	-	-
-	Marceau	-	proper	21	-	-	-	-	-
-	Marchand	-	proper	5	-	-	-	-	-
-	Marconi	-	proper	5	-	-	-	-	-
-	Marcos	-	proper	5|39	-	-	-	-	-
-	Marin	-	proper	5	-	-	-	-	-
-	Marini	-	proper	?6	-	-	-	-	-
-	Marinov	-	proper	5	-	-	-	-	-
-	Marjala	-	proper	12	-	-	-	-	-
-	Marjanen	-	proper	38	-	-	-	-	-
-	Markkanen	-	proper	38	-	-	-	-	-
-	Markkula	-	proper	12	-	-	-	-	-
-	Markle	-	proper	8	-	-	-	-	-
-	Marklund	-	proper	5	-	-	-	-	-
-	Markov	-	proper	5	-	-	-	-	-
-	Marković	-	proper	5	-	-	-	-	-
-	Marley	-	proper	21	-	front|back	i|y	-	-
-	Marosi	-	proper	5	-	-	-	-	-
-	Mars	-	proper	5	-	-	-	-	-
-	Marsh	-	proper	5	-	-	-	-	-
-	Marshall	-	proper	5	-	-	-	-	-
-	Marti	-	proper	5	-	-	-	-	-
-	Martikainen	-	proper	38	-	-	-	-	-
-	Martin	-	proper	5	-	-	-	-	-
-	Martinez	-	proper	5	-	-	-	-	-
-	Martini	-	proper	5	-	-	-	-	-
-	Martino	-	proper	2	-	-	-	-	-
-	Martins	-	proper	5	-	-	-	-	-
-	Martinsen	-	proper	?6	-	-	-	-	-
-	Martinsson	-	proper	5	-	-	-	-	-
-	Martić	-	proper	5	-	-	-	-	-
-	Marttila	-	proper	12	-	-	-	-	-
-	Marttinen	-	proper	38	-	-	-	-	-
-	Marty	-	proper	1	-	-	-	-	-
-	Martí	-	proper	21|8	-	-	-	-	-
-	Martín	-	proper	5	-	-	-	-	-
-	Martínez	-	proper	5	-	-	-	-	-
-	Martšenko	-	proper	1	-	-	-	-	-
-	Maruyama	-	proper	9	-	-	-	-	-
-	Marx	-	proper	5	-	-	-	-	-
-	Maréchal	-	proper	?6	-	-	-	-	-
-	Marín	-	proper	5	-	-	-	-	-
-	Mason	-	proper	?6	-	-	-	-	-
-	Massaquoi	-	proper	18	-	-	-	-	-
-	Masson	-	proper	5	-	-	-	-	-
-	Masuda	-	proper	10	-	-	-	-	-
-	Mathieu	-	proper	21	-	-	-	-	-
-	Matikainen	-	proper	38	-	-	-	-	-
-	Matilainen	-	proper	38	-	-	-	-	-
-	Matsuda	-	proper	10	-	-	-	-	-
-	Matsui	-	proper	18	-	-	-	-	-
-	Matsumoto	-	proper	1	-	-	-	-	-
-	Matsunaga	-	proper	9	-	-	-	-	-
-	Matsushita	-	proper	9	-	-	-	-	-
-	Matt	-	proper	5	-	-	-	-	-
-	Matteucci	-	proper	5	-	-	-	-	-
-	Matthews	-	proper	5	-	-	-	-	-
-	Mattila	-	proper	12	-	-	-	-	-
-	Mattsson	-	proper	5	-	-	-	-	-
-	Matvejev	-	proper	5	-	-	-	-	-
-	Maunula	-	proper	12	-	-	-	-	-
-	Mauri	-	proper	5	-	-	-	-	-
-	Maurstad	-	proper	5	-	-	-	-	-
-	Maxwell	-	proper	5	-	-	-	-	-
-	May	-	proper	21	-	front|back	i|y	-	-
-	Mayer	-	proper	6	-	-	-	-	-
-	Mbappe	-	proper	8	-	-	-	-	-
-	Mbappé	-	proper	21	-	-	-	-	-
-	Mbeki	-	proper	5	-	-	-	-	-
-	McCarthy	-	proper	1	-	-	-	-	-
-	McCartney	-	proper	21	-	front|back	i|y	-	-
-	McClane	-	proper	8	-	-	-	-	-
-	McCoy	-	proper	21	-	-	i|y	-	-
-	McDavid	-	proper	5	-	-	-	-	-
-	McDonald	-	proper	5	-	-	-	-	-
-	McKay	-	proper	21	-	front|back	i|y	-	-
-	McKee	-	proper	21	-	-	-	-	-
-	McKenna	-	proper	9	-	-	-	-	-
-	McKenzie	-	proper	8|21	-	-	-	-	-
-	McNeill	-	proper	5	-	-	-	-	-
-	McRae	-	proper	8	-	-	-	-	-
-	Mechelin	-	proper	5	-	-	-	-	-
-	Medvedev	-	proper	5	-	-	-	-	-
-	Meier	-	proper	5	-	-	-	-	-
-	Meijer	-	proper	6	-	-	-	-	-
-	Meinander	-	proper	5	-	-	-	-	-
-	Melan	-	proper	?6	-	-	-	-	-
-	Melartin	-	proper	5	-	-	-	-	-
-	Melchior	-	proper	5	-	-	-	-	-
-	Melin	-	proper	5	-	-	-	-	-
-	Melleri	-	proper	6	-	-	-	-	-
-	Mellin	-	proper	5	-	-	-	-	-
-	Melnikov	-	proper	5	-	-	-	-	-
-	Meloni	-	proper	5	-	-	-	-	-
-	Mendel	-	proper	6	-	-	-	-	-
-	Mendelejev	-	proper	5	-	-	-	-	-
-	Mendes	-	proper	39	-	-	-	-	-
-	Mendoza	-	proper	10	-	-	-	-	-
-	Mendy	-	proper	1	-	-	-	-	-
-	Mennander	-	proper	5	-	-	-	-	-
-	Mentula	-	proper	12	-	-	-	-	-
-	Menéndez	-	proper	5	-	-	-	-	-
-	Mercier	-	proper	22|5	-	-	-	-	-
-	Merilä	-	proper	12	-	-	-	-	-
-	Meriläinen	-	proper	38	-	-	-	-	-
-	Merkel	-	proper	6	-	-	-	-	-
-	Mertens	-	proper	5	-	-	-	-	-
-	Meskanen	-	proper	38	-	-	-	-	-
-	Messina	-	proper	13	-	-	-	-	-
-	Metso	-	proper	1	-	-	-	-	-
-	Metsola	-	proper	12	-	-	-	-	-
-	Meyer	-	proper	6	-	-	-	-	-
-	Michael	-	proper	5	-	-	-	-	-
-	Mielonen	-	proper	38	-	-	-	-	-
-	Miettinen	-	proper	38	-	-	-	-	-
-	Miettunen	-	proper	38	-	-	-	-	-
-	Mihailov	-	proper	5	-	-	-	-	-
-	Mikkelsen	-	proper	?6	-	-	-	-	-
-	Mikkelsson	-	proper	5	-	-	-	-	-
-	Mikkelä	-	proper	12	-	-	-	-	-
-	Mikkola	-	proper	12	-	-	-	-	-
-	Mikkolainen	-	proper	38	-	-	-	-	-
-	Mikkonen	-	proper	38	-	-	-	-	-
-	Miklós	-	proper	5	-	-	-	-	-
-	Mikola	-	proper	12	-	-	-	-	-
-	Mikúš	-	proper	5	-	-	-	-	-
-	Mildh	-	proper	5	-	-	-	-	-
-	Miles	-	proper	39	-	-	-	-	-
-	Miller	-	proper	6	-	-	-	-	-
-	Mills	-	proper	5	-	-	-	-	-
-	Milne	-	proper	8	-	-	-	-	-
-	Milonoff	-	proper	5	-	-	-	-	-
-	Milošević	-	proper	5	-	-	-	-	-
-	Milton	-	proper	6	-	-	-	-	-
-	Minaj	-	proper	5	-	-	-	-	-
-	Minami	-	proper	5	-	-	-	-	-
-	Minetti	-	proper	5	-	-	-	-	-
-	Minkkinen	-	proper	38	-	-	-	-	-
-	Mironov	-	proper	5	-	-	-	-	-
-	Miró	-	proper	21|1	-	-	-	-	-
-	Mitchell	-	proper	5	-	-	-	-	-
-	Miura	-	proper	9	-	-	-	-	-
-	Miyake	-	proper	8	-	-	-	-	-
-	Miyamoto	-	proper	1	-	-	-	-	-
-	Miyazaki	-	proper	5	-	-	-	-	-
-	Mizuki	-	proper	5	-	-	-	-	-
-	Mizuno	-	proper	2	-	-	-	-	-
-	Moberg	-	proper	5	-	-	-	-	-
-	Mochizuki	-	proper	5	-	-	-	-	-
-	Modi	-	proper	5	-	-	-	-	-
-	Modig	-	proper	5	-	-	-	-	-
-	Moe	-	proper	8	-	-	-	-	-
-	Moen	-	proper	5	-	-	-	-	-
-	Mohamed	-	proper	5	-	-	-	-	-
-	Moilanen	-	proper	38	-	-	-	-	-
-	Moisander	-	proper	?6	-	-	-	-	-
-	Moisio	-	proper	3	-	-	-	-	-
-	Molander	-	proper	5	-	-	-	-	-
-	Molin	-	proper	5	-	-	-	-	-
-	Molina	-	proper	13	-	-	-	-	-
-	Molière	-	proper	8	-	-	-	-	-
-	Mollar	-	proper	6	-	-	-	-	-
-	Mollberg	-	proper	6	-	-	-	-	-
-	Molnár	-	proper	5	-	-	-	-	-
-	Monahan	-	proper	5	-	-	-	-	-
-	Monnier	-	proper	22|†5	-	-	-	-	-
-	Mononen	-	proper	38	-	-	-	-	-
-	Monroe	-	proper	8	-	-	-	-	-
-	Monsen	-	proper	?6	-	-	-	-	-
-	Montagu	-	proper	1	-	-	-	-	-
-	Montalvo	-	proper	1	-	-	-	-	-
-	Monte	-	proper	8	-	-	-	-	-
-	Monteiro	-	proper	1	-	-	-	-	-
-	Montgomery	-	proper	1	-	front|back	-	-	-
-	Monti	-	proper	5	-	-	-	-	-
-	Montola	-	proper	12	-	-	-	-	-
-	Montonen	-	proper	38	-	-	-	-	-
-	Moore	-	proper	8	-	-	-	-	-
-	Morais	-	proper	5	-	-	-	-	-
-	Morales	-	proper	5	-	-	-	-	-
-	Morandi	-	proper	5	-	-	-	-	-
-	Moreau	-	proper	21	-	-	-	-	-
-	Moreira	-	proper	?13|9	-	-	-	-	-
-	Moreno	-	proper	2	-	-	-	-	-
-	Moretti	-	proper	5	tt:t	-	-	-	-
-	Morgan	-	proper	?6	-	-	-	-	-
-	Morgantini	-	proper	?6	-	-	-	-	-
-	Mori	-	proper	5	-	-	-	-	-
-	Morimoto	-	proper	1	-	-	-	-	-
-	Morioka	-	proper	9	-	-	-	-	-
-	Morishima	-	proper	9	-	-	-	-	-
-	Morita	-	proper	9	-	-	-	-	-
-	Morozov	-	proper	5	-	-	-	-	-
-	Morris	-	proper	39	-	-	-	-	-
-	Morrison	-	proper	?6	-	-	-	-	-
-	Moser	-	proper	6	-	-	-	-	-
-	Moshes	-	proper	5	-	-	-	-	-
-	Moura	-	proper	10	-	-	-	-	-
-	Mourinho	-	proper	1	-	-	-	-	-
-	Mouton	-	proper	?6	-	-	-	-	-
-	Mozart	-	proper	5	-	-	-	-	-
-	Mubarak	-	proper	5	-	-	-	-	-
-	Mucha	-	proper	10	-	-	-	-	-
-	Mueller	-	proper	6	-	-	-	-	-
-	Mugabe	-	proper	8	-	-	-	-	-
-	Muhonen	-	proper	38	-	-	-	-	-
-	Muinonen	-	proper	38	-	-	-	-	-
-	Mulder	-	proper	6	-	-	-	-	-
-	Muller	-	proper	6	-	-	-	-	-
-	Multala	-	proper	12	-	-	-	-	-
-	Munck	-	proper	5	-	-	-	-	-
-	Munro	-	proper	1	-	-	-	-	-
-	Munsterhjelm	-	proper	5	-	-	-	-	-
-	Murakami	-	proper	5	-	-	-	-	-
-	Murphy	-	proper	1	-	-	-	-	-
-	Murray	-	proper	21	-	front|back	i|y	-	-
-	Murto	-	proper	1	rt:rr	-	-	-	-
-	Musk	-	proper	5	-	-	-	-	-
-	Mussolini	-	proper	5	-	-	-	-	-
-	Mustonen	-	proper	38	-	-	-	-	-
-	Mutanen	-	proper	38	-	-	-	-	-
-	Mutō	-	proper	?21|1	-	-	-	-	-
-	Muukkonen	-	proper	38	-	-	-	-	-
-	Muurinen	-	proper	38	-	-	-	-	-
-	Muñiz	-	proper	5	-	-	-	-	-
-	Muñoz	-	proper	5	-	-	-	-	-
-	Myers	-	proper	5	-	-	-	-	-
-	Myhre	-	proper	8	-	-	-	-	-
-	Mykkänen	-	proper	38	-	-	-	-	-
-	Myller	-	proper	?6	-	-	-	-	-
-	Myllylä	-	proper	12	-	-	-	-	-
-	Myllynen	-	proper	38	-	-	-	-	-
-	Mylläri	-	proper	?6	-	-	-	-	-
-	Mynttinen	-	proper	38	-	-	-	-	-
-	Myrberg	-	proper	5	-	-	-	-	-
-	Myyryläinen	-	proper	38	-	-	-	-	-
-	Márquez	-	proper	5	-	-	-	-	-
-	Mäentaka	-	proper	9	-	-	-	-	-
-	Mägi	-	proper	5	-	-	-	-	-
-	Mähönen	-	proper	38	-	-	-	-	-
-	Mäkelä	-	proper	12	-	-	-	-	-
-	Mäkeläinen	-	proper	38	-	-	-	-	-
-	Mäki	-	proper	7	k:	-	-	-	-
-	Mäkilä	-	proper	12	-	-	-	-	-
-	Mäkinen	-	proper	38	-	-	-	-	-
-	Mäkynen	-	proper	38	-	-	-	-	-
-	Mäkäläinen	-	proper	38	-	-	-	-	-
-	Mälkki	-	proper	5	kk:k	-	-	-	-
-	Männikkö	-	proper	4	-	-	-	-	-
-	Männistö	-	proper	1	-	-	-	-	-
-	Mänttäri	-	proper	?6	-	-	-	-	-
-	Mäntylä	-	proper	12	-	-	-	-	-
-	Mäntynen	-	proper	38	-	-	-	-	-
-	Määttä	-	proper	10	tt:t	-	-	-	-
-	Määttälä	-	proper	12	-	-	-	-	-
-	Määttänen	-	proper	38	-	-	-	-	-
-	Månsson	-	proper	5	-	-	-	-	-
-	Mårtenson	-	proper	6	-	-	-	-	-
-	Mårtensson	-	proper	5	-	-	-	-	-
-	Mökkönen	-	proper	38	-	-	-	-	-
-	Möller	-	proper	6	-	-	-	-	-
-	Möttölä	-	proper	12	-	-	-	-	-
-	Møller	-	proper	6	-	-	-	-	-
-	Müller	-	proper	6	-	-	-	-	-
-	Nabokov	-	proper	5	-	-	-	-	-
-	Nadal	-	proper	?6	-	-	-	-	-
-	Nader	-	proper	?6	-	-	-	-	-
-	Nagai	-	proper	18	-	-	-	-	-
-	Nagasawa	-	proper	9	-	-	-	-	-
-	Nagashima	-	proper	9	-	-	-	-	-
-	Nagata	-	proper	9	-	-	-	-	-
-	Nagy	-	proper	1	-	-	-	-	-
-	Nakagawa	-	proper	9	-	-	-	-	-
-	Nakai	-	proper	18	-	-	-	-	-
-	Nakajima	-	proper	9	-	-	-	-	-
-	Nakamura	-	proper	10	-	-	-	-	-
-	Nakano	-	proper	2	-	-	-	-	-
-	Nakata	-	proper	9	-	-	-	-	-
-	Nakaya	-	proper	9	-	-	-	-	-
-	Nakayama	-	proper	9	-	-	-	-	-
-	Nakazawa	-	proper	9	-	-	-	-	-
-	Nannini	-	proper	?6	-	-	-	-	-
-	Napier	-	proper	5	-	-	-	-	-
-	Nasser	-	proper	6	-	-	-	-	-
-	Naukkarinen	-	proper	38	-	-	-	-	-
-	Navalnyi	-	proper	18|5	-	-	-	-	-
-	Navarro	-	proper	1	-	-	-	-	-
-	Nazarbajev	-	proper	5	-	-	-	-	-
-	Nedvěd	-	proper	5	-	-	-	-	-
-	Neeson	-	proper	6	-	-	-	-	-
-	Negri	-	proper	5	-	-	-	-	-
-	Neill	-	proper	5	-	-	-	-	-
-	Nekrasov	-	proper	5	-	-	-	-	-
-	Nelson	-	proper	?6	-	-	-	-	-
-	Nenonen	-	proper	38	-	-	-	-	-
-	Neovius	-	proper	39	-	-	-	-	-
-	Neprjajeva	-	proper	9	-	-	-	-	-
-	Nerg	-	proper	5	-	-	-	-	-
-	Netanjahu	-	proper	1	-	-	-	-	-
-	Neuhaus	-	proper	39|40	-	-	-	-	-
-	Neumann	-	proper	5	-	-	-	-	-
-	Neureuther	-	proper	6	-	-	-	-	-
-	Neuville	-	proper	8	-	-	-	-	-
-	Neuvonen	-	proper	38	-	-	-	-	-
-	Nevala	-	proper	12	-	-	-	-	-
-	Nevalainen	-	proper	38	-	-	-	-	-
-	Newman	-	proper	5	-	-	-	-	-
-	Newton	-	proper	6	-	-	-	-	-
-	Neymar	-	proper	?6	-	-	-	-	-
-	Neziri	-	proper	5	-	-	-	-	-
-	Nguyen	-	proper	5	-	-	-	-	-
-	Nicholls	-	proper	5	-	-	-	-	-
-	Nicolai	-	proper	18	-	-	-	-	-
-	Nielsen	-	proper	6	-	-	-	-	-
-	Nielson	-	proper	?6	-	-	-	-	-
-	Niemelä	-	proper	12	-	-	-	-	-
-	Niemi	-	proper	25	-	-	-	-	-
-	Nieminen	-	proper	38	-	-	-	-	-
-	Nietzsche	-	proper	8	-	-	-	-	-
-	Niikko	-	proper	1	kk:k	-	-	-	-
-	Niinistö	-	proper	1	-	-	-	-	-
-	Niirala	-	proper	12	-	-	-	-	-
-	Niiranen	-	proper	38	-	-	-	-	-
-	Nikander	-	proper	6	-	-	-	-	-
-	Nikitin	-	proper	5	-	-	-	-	-
-	Nikkanen	-	proper	38	-	-	-	-	-
-	Nikkilä	-	proper	12	-	-	-	-	-
-	Nikkinen	-	proper	38	-	-	-	-	-
-	Nikolajeva	-	proper	?10|9	-	-	-	-	-
-	Nikolić	-	proper	5	-	-	-	-	-
-	Niku	-	proper	1	-	-	-	-	-
-	Nikula	-	proper	12	-	-	-	-	-
-	Nikulin	-	proper	5	-	-	-	-	-
-	Nikunen	-	proper	38	-	-	-	-	-
-	Nilsen	-	proper	?6	-	-	-	-	-
-	Nilsson	-	proper	5	-	-	-	-	-
-	Ninomiya	-	proper	9	-	-	-	-	-
-	Nishi	-	proper	5	-	-	-	-	-
-	Nishida	-	proper	9	-	-	-	-	-
-	Niska	-	proper	9	-	-	-	-	-
-	Niskala	-	proper	12	-	-	-	-	-
-	Niskanen	-	proper	38	-	-	-	-	-
-	Nissen	-	proper	?6	-	-	-	-	-
-	Nissilä	-	proper	12	-	-	-	-	-
-	Nissinen	-	proper	38	-	-	-	-	-
-	Nisula	-	proper	12	-	-	-	-	-
-	Niva	-	proper	9	-	-	-	-	-
-	Nixon	-	proper	6	-	-	-	-	-
-	Nohynek	-	proper	5	-	-	-	-	-
-	Nokelainen	-	proper	38	-	-	-	-	-
-	Noponen	-	proper	38	-	-	-	-	-
-	Noppari	-	proper	?6	-	-	-	-	-
-	Norberg	-	proper	5	-	-	-	-	-
-	Nord	-	proper	5	-	-	-	-	-
-	Nordahl	-	proper	5	-	-	-	-	-
-	Nordberg	-	proper	5	-	-	-	-	-
-	Nordenheim	-	proper	5	-	-	-	-	-
-	Nordenstreng	-	proper	5	-	-	-	-	-
-	Nordgren	-	proper	?6	-	-	-	-	-
-	Nordin	-	proper	5	-	-	-	-	-
-	Nordlund	-	proper	5	-	-	-	-	-
-	Nordman	-	proper	5	-	-	-	-	-
-	Nordmann	-	proper	5	-	-	-	-	-
-	Nordström	-	proper	5	-	-	-	-	-
-	Noriega	-	proper	9	-	-	-	-	-
-	Norman	-	proper	5	-	-	-	-	-
-	Noronen	-	proper	38	-	-	-	-	-
-	Norris	-	proper	39	-	-	-	-	-
-	Northug	-	proper	5	-	-	-	-	-
-	Norén	-	proper	5	-	-	-	-	-
-	Nosov	-	proper	5	-	-	-	-	-
-	Nousiainen	-	proper	38	-	-	-	-	-
-	Nouwen	-	proper	?6	-	-	-	-	-
-	Novikov	-	proper	5	-	-	-	-	-
-	Novák	-	proper	5	-	-	-	-	-
-	Nowak	-	proper	5	-	-	-	-	-
-	Nowicki	-	proper	5	-	-	-	-	-
-	Nowitzki	-	proper	5	-	-	-	-	-
-	Noël	-	proper	5	-	-	-	-	-
-	Numers	-	proper	5	-	-	-	-	-
-	Nummela	-	proper	12	-	-	-	-	-
-	Nummelin	-	proper	5	-	-	-	-	-
-	Nummi	-	proper	7	-	-	-	-	-
-	Numminen	-	proper	38	-	-	-	-	-
-	Nunes	-	proper	39	-	-	-	-	-
-	Nuotio	-	proper	3	-	-	-	-	-
-	Nurmela	-	proper	12	-	-	-	-	-
-	Nurmi	-	proper	7	-	-	-	-	-
-	Nurminen	-	proper	38	-	-	-	-	-
-	Nurmio	-	proper	3	-	-	-	-	-
-	Nurmisto	-	proper	1	-	-	-	-	-
-	Nurmos	-	proper	39	-	-	-	-	-
-	Nuutinen	-	proper	38	-	-	-	-	-
-	Nuuttila	-	proper	12	-	-	-	-	-
-	Nyberg	-	proper	5	-	-	-	-	-
-	Nygård	-	proper	5	-	-	-	-	-
-	Nyholm	-	proper	5	-	-	-	-	-
-	Nykänen	-	proper	38	-	-	-	-	-
-	Nylander	-	proper	?6	-	-	-	-	-
-	Nylund	-	proper	5	-	-	-	-	-
-	Nyman	-	proper	5	-	-	-	-	-
-	Nymander	-	proper	5	-	-	-	-	-
-	Nyqvist	-	proper	5	-	-	-	-	-
-	Nyström	-	proper	5	-	-	-	-	-
-	Nyyssönen	-	proper	38	-	-	-	-	-
-	Närhi	-	proper	7	-	-	-	-	-
-	Närhinen	-	proper	38	-	-	-	-	-
-	Näslund	-	proper	5	-	-	-	-	-
-	Näsänen	-	proper	38	-	-	-	-	-
-	Nättinen	-	proper	38	-	-	-	-	-
-	Németh	-	proper	5	-	-	-	-	-
-	Nørgaard	-	proper	5	-	-	-	-	-
-	Núñez	-	proper	5	-	-	-	-	-
-	Němec	-	proper	5	-	-	-	-	-
-	Obama	-	proper	10|12	-	-	-	-	-
-	Obradović	-	proper	5	-	-	-	-	-
-	Ocasio	-	proper	3	-	-	-	-	-
-	Oda	-	proper	10	-	-	-	-	-
-	Ogata	-	proper	9	-	-	-	-	-
-	Ogier	-	proper	22|5	-	-	-	-	-
-	Ogiński	-	proper	5	-	-	-	-	-
-	Ohlig	-	proper	5	-	-	-	-	-
-	Ohlsson	-	proper	5	-	-	-	-	-
-	Ohtonen	-	proper	38	-	-	-	-	-
-	Oikarinen	-	proper	38	-	-	-	-	-
-	Oinas	-	proper	41|39	-	-	-	-	-
-	Oinonen	-	proper	38	-	-	-	-	-
-	Oja	-	proper	10	-	-	-	-	-
-	Ojala	-	proper	12	-	-	-	-	-
-	Ojamaa	-	proper	18	-	-	-	-	-
-	Ojanen	-	proper	38	-	-	-	-	-
-	Okada	-	proper	9	-	-	-	-	-
-	Okkonen	-	proper	38	-	-	-	-	-
-	Oksa	-	proper	10	-	-	-	-	-
-	Oksala	-	proper	12	-	-	-	-	-
-	Oksanen	-	proper	38	-	-	-	-	-
-	Olaru	-	proper	1	-	-	-	-	-
-	Olesen	-	proper	?6	-	-	-	-	-
-	Olijnyk	-	proper	5	-	-	-	-	-
-	Olin	-	proper	5	-	-	-	-	-
-	Oliveira	-	proper	9	-	-	-	-	-
-	Oliver	-	proper	6	-	-	-	-	-
-	Olkkonen	-	proper	38	-	-	-	-	-
-	Olli	-	proper	5	-	-	-	-	-
-	Ollikainen	-	proper	38	-	-	-	-	-
-	Ollila	-	proper	12	-	-	-	-	-
-	Olofsson	-	proper	5	-	-	-	-	-
-	Olsen	-	proper	?6	-	-	-	-	-
-	Olsson	-	proper	5	-	-	-	-	-
-	Omenainen	-	proper	38	-	-	-	rare	-
-	Onerva	-	proper	9	-	-	-	-	-
-	Oostlander	-	proper	?6	-	-	-	-	-
-	Oppenheimer	-	proper	?6	-	-	-	-	-
-	Orava	-	proper	10	-	-	-	-	-
-	Orbán	-	proper	5	-	-	-	-	-
-	Origi	-	proper	5	-	-	-	-	-
-	Orlando	-	proper	1	-	-	-	-	-
-	Orlov	-	proper	5	-	-	-	-	-
-	Orpo	-	proper	1	-	-	-	-	-
-	Orraeus	-	proper	39	-	-	-	-	-
-	Ortega	-	proper	9	-	-	-	-	-
-	Osbourne	-	proper	8	-	-	-	-	-
-	Otsola	-	proper	12|10	-	-	-	-	-
-	Otter	-	proper	6	-	-	-	-	-
-	Otto	-	proper	1	tt:t	-	-	-	-
-	Outinen	-	proper	38	-	-	-	-	-
-	Ovaska	-	proper	13	-	-	-	-	-
-	Ovaskainen	-	proper	38	-	-	-	-	-
-	Ovetshkin	-	proper	5	-	-	-	-	-
-	Oxenstierna	-	proper	9	-	-	-	-	-
-	Ozawa	-	proper	9	-	-	-	-	-
-	O’Bannon	-	proper	?6	-	-	-	-	-
-	O’Brien	-	proper	5	-	-	-	-	-
-	O’Connor	-	proper	?6	-	-	-	-	-
-	O’Neill	-	proper	5	-	-	-	-	-
-	O’Shaughnessy	-	proper	1	-	front|back	-	-	-
-	O’Sullivan	-	proper	?6	-	-	-	-	-
-	Paajanen	-	proper	38	-	-	-	-	-
-	Paakkanen	-	proper	38	-	-	-	-	-
-	Paalanen	-	proper	38	-	-	-	-	-
-	Paananen	-	proper	38	-	-	-	-	-
-	Paasonen	-	proper	38	-	-	-	-	-
-	Paatero	-	proper	2	-	-	-	-	-
-	Paavilainen	-	proper	38	-	-	-	-	-
-	Paavola	-	proper	12	-	-	-	-	-
-	Pacius	-	proper	39	-	-	-	-	-
-	Packalen	-	proper	5	-	-	-	-	-
-	Packalén	-	proper	5	-	-	-	-	-
-	Padar	-	proper	?6	-	-	-	-	-
-	Pahlen	-	proper	?6	-	-	-	-	-
-	Pahlman	-	proper	5	-	-	-	-	-
-	Pajari	-	proper	?6	-	-	-	-	-
-	Pajarinen	-	proper	38	-	-	-	-	-
-	Paju	-	proper	1	-	-	-	-	-
-	Pajula	-	proper	12	-	-	-	-	-
-	Pajunen	-	proper	38	-	-	-	-	-
-	Pakarinen	-	proper	38	-	-	-	-	-
-	Pakkala	-	proper	12	-	-	-	-	-
-	Pakkanen	-	proper	38	-	-	-	-	-
-	Palacio	-	proper	3	-	-	-	-	-
-	Palander	-	proper	5	-	-	-	-	-
-	Palin	-	proper	5	-	-	-	-	-
-	Paljakka	-	proper	14	kk:k	-	-	-	-
-	Palm	-	proper	5	-	-	-	-	-
-	Palme	-	proper	8	-	-	-	-	-
-	Palmer	-	proper	6	-	-	-	-	-
-	Palmgren	-	proper	5	-	-	-	-	-
-	Palmroth	-	proper	5	-	-	-	-	-
-	Palmu	-	proper	1	-	-	-	-	-
-	Palmunen	-	proper	38	-	-	-	-	-
-	Palmén	-	proper	5	-	-	-	-	-
-	Palo	-	proper	1	-	-	-	-	-
-	Palola	-	proper	12	-	-	-	-	-
-	Palonen	-	proper	38	-	-	-	-	-
-	Papayannakis	-	proper	5|†39	-	-	-	-	-
-	Pappila	-	proper	13	-	-	-	-	-
-	Parikka	-	proper	14	kk:k	-	-	-	-
-	Parisi	-	proper	5	-	-	-	-	-
-	Parkatti	-	proper	5	tt:t	-	-	-	-
-	Parker	-	proper	6	-	-	-	-	-
-	Parkinson	-	proper	?6	-	-	-	-	-
-	Parkkinen	-	proper	38	-	-	-	-	-
-	Parkkonen	-	proper	38	-	-	-	-	-
-	Paronen	-	proper	38	-	-	-	-	-
-	Parpala	-	proper	12	-	-	-	-	-
-	Parras	-	proper	41	rt:rr	-	-	-	-
-	Parry	-	proper	1	-	-	-	-	-
-	Parsons	-	proper	5	-	-	-	-	-
-	Partanen	-	proper	38	-	-	-	-	-
-	Partinen	-	proper	38	-	-	-	-	-
-	Parviainen	-	proper	38	-	-	-	-	-
-	Pasanen	-	proper	38	-	-	-	-	-
-	Pascal	-	proper	?6	-	-	-	-	-
-	Pasini	-	proper	?6	-	-	-	-	-
-	Pasolini	-	proper	?6	-	-	-	-	-
-	Pasteur	-	proper	5	-	-	-	-	-
-	Patten	-	proper	?6	-	-	-	-	-
-	Patterson	-	proper	?6	-	-	-	-	-
-	Paul	-	proper	5	-	-	-	-	-
-	Paunonen	-	proper	38	-	-	-	-	-
-	Pavlova	-	proper	10	-	-	-	-	-
-	Pawlak	-	proper	5	-	-	-	-	-
-	Pedersen	-	proper	?6	-	-	-	-	-
-	Peeters	-	proper	5	-	-	-	-	-
-	Pehkonen	-	proper	38	-	-	-	-	-
-	Peitsamo	-	proper	2	-	-	-	-	-
-	Pekkala	-	proper	12	-	-	-	-	-
-	Pekkanen	-	proper	38	-	-	-	-	-
-	Pekkarinen	-	proper	38	-	-	-	-	-
-	Pekkola	-	proper	12	-	-	-	-	-
-	Pekola	-	proper	12	-	-	-	-	-
-	Pekonen	-	proper	38	-	-	-	-	-
-	Pekurinen	-	proper	38	-	-	-	-	-
-	Pelkonen	-	proper	38	-	-	-	-	-
-	Pellegrini	-	proper	?6	-	-	-	-	-
-	Pelli	-	proper	5	-	-	-	-	-
-	Pellikka	-	proper	14	kk:k	-	-	-	-
-	Pellilä	-	proper	12	-	-	-	-	-
-	Pellinen	-	proper	38	-	-	-	-	-
-	Pelo	-	proper	1	-	-	-	-	-
-	Pelosi	-	proper	5	-	-	-	-	-
-	Peltola	-	proper	12	-	-	-	-	-
-	Peltonen	-	proper	38	-	-	-	-	-
-	Pelttari	-	proper	?6	-	-	-	-	-
-	Pelé	-	proper	?21	-	-	-	-	-
-	Pence	-	proper	8	-	-	-	-	-
-	Pennanen	-	proper	38	-	-	-	-	-
-	Pentikäinen	-	proper	38	-	-	-	-	-
-	Pentsinen	-	proper	38	-	-	-	-	-
-	Penttala	-	proper	12	-	-	-	-	-
-	Pentti	-	proper	5	tt:t	-	-	-	-
-	Penttilä	-	proper	12	-	-	-	-	-
-	Penttinen	-	proper	38	-	-	-	-	-
-	Pereira	-	proper	9	-	-	-	-	-
-	Perez	-	proper	5	-	-	-	-	-
-	Perkiö	-	proper	3	-	-	-	-	-
-	Perko	-	proper	1	-	-	-	-	-
-	Perrin	-	proper	5	-	-	-	-	-
-	Perry	-	proper	1	-	-	-	-	-
-	Persson	-	proper	5	-	-	-	-	-
-	Perttilä	-	proper	12	-	-	-	-	-
-	Perttula	-	proper	12	-	-	-	-	-
-	Perttunen	-	proper	38	-	-	-	-	-
-	Perunka	-	proper	10	-	-	-	-	-
-	Perälä	-	proper	12	-	-	-	-	-
-	Perón	-	proper	5	-	-	-	-	-
-	Peskov	-	proper	5	-	-	-	-	-
-	Pesola	-	proper	12	-	-	-	-	-
-	Pesonen	-	proper	38	-	-	-	-	-
-	Pesu	-	proper	1	-	-	-	-	-
-	Petander	-	proper	5	-	-	-	-	-
-	Petelius	-	proper	39	-	-	-	-	-
-	Peter	-	proper	6	-	-	-	-	-
-	Peters	-	proper	5	-	-	-	-	-
-	Petersen	-	proper	?6	-	-	-	-	-
-	Peterson	-	proper	?6	-	-	-	-	-
-	Petersson	-	proper	5	-	-	-	-	-
-	Petit	-	proper	22|†5	-	-	-	-	-
-	Petrarca	-	proper	9	-	-	-	-	-
-	Petrov	-	proper	5	-	-	-	-	-
-	Petrović	-	proper	5	-	-	-	-	-
-	Pettersen	-	proper	?6	-	-	-	-	-
-	Pettersson	-	proper	5	-	-	-	-	-
-	Petäjä	-	proper	?10	-	-	-	-	-
-	Peura	-	proper	9	-	-	-	-	-
-	Peurala	-	proper	12	-	-	-	-	-
-	Peyron	-	proper	?6	-	-	-	-	-
-	Phelps	-	proper	5	-	-	-	-	-
-	Philippe	-	proper	8	-	-	-	-	-
-	Phillips	-	proper	5	-	-	-	-	-
-	Picasso	-	proper	1	-	-	-	-	-
-	Pierce	-	proper	8	-	-	-	-	-
-	Piesanen	-	proper	38	-	-	-	-	-
-	Pieski	-	proper	5	-	-	-	-	-
-	Pietarinen	-	proper	38	-	-	-	-	-
-	Pietikäinen	-	proper	38	-	-	-	-	-
-	Pietilä	-	proper	12	-	-	-	-	-
-	Pietiläinen	-	proper	38	-	-	-	-	-
-	Pietinen	-	proper	38	-	-	-	-	-
-	Pihkala	-	proper	12	-	-	-	-	-
-	Pihl	-	proper	5	-	-	-	-	-
-	Pihlaja	-	proper	10	-	-	-	-	-
-	Pihlström	-	proper	5	-	-	-	-	-
-	Piippo	-	proper	1	pp:p	-	-	-	-
-	Piipponen	-	proper	38	-	-	-	-	-
-	Piirainen	-	proper	38	-	-	-	-	-
-	Piiroinen	-	proper	38	-	-	-	-	-
-	Piironen	-	proper	38	-	-	-	-	-
-	Piispala	-	proper	12	-	-	-	-	-
-	Piispanen	-	proper	38	-	-	-	-	-
-	Piitulainen	-	proper	38	-	-	-	-	-
-	Pikkarainen	-	proper	38	-	-	-	-	-
-	Pimiä	-	proper	12	-	-	-	-	-
-	Pinochet	-	proper	5	-	-	-	-	-
-	Pinto	-	proper	1	-	-	-	-	-
-	Piot	-	proper	22|†5	-	-	-	-	-
-	Pirhonen	-	proper	38	-	-	-	-	-
-	Pirinen	-	proper	38	-	-	-	-	-
-	Pirkola	-	proper	12	-	-	-	-	-
-	Pisano	-	proper	2	-	-	-	-	-
-	Pistorius	-	proper	39	-	-	-	-	-
-	Pitkänen	-	proper	38	-	-	-	-	-
-	Pitt	-	proper	5	-	-	-	-	-
-	Planck	-	proper	5	-	-	-	-	-
-	Planckaert	-	proper	5	-	-	-	-	-
-	Platonov	-	proper	5	-	-	-	-	-
-	Pochettino	-	proper	2	-	-	-	-	-
-	Poe	-	proper	8	-	-	-	-	-
-	Poettering	-	proper	5	-	-	-	-	-
-	Pohjola	-	proper	12	-	-	-	-	-
-	Pohjolainen	-	proper	38	-	-	-	-	-
-	Pohjonen	-	proper	38	-	-	-	-	-
-	Pohtamo	-	proper	2	-	-	-	-	-
-	Poikola	-	proper	12	-	-	-	-	-
-	Pokkinen	-	proper	38	-	-	-	-	-
-	Politkovskaja	-	proper	10	-	-	-	-	-
-	Pollard	-	proper	5	-	-	-	-	-
-	Pollari	-	proper	6	-	-	-	-	-
-	Polo	-	proper	1	-	-	-	-	-
-	Polák	-	proper	5	-	-	-	-	-
-	Pompeo	-	proper	3	-	-	-	-	-
-	Pons	-	proper	5	-	-	-	-	-
-	Pontoppidan	-	proper	?6	-	-	-	-	-
-	Popescu	-	proper	1	-	-	-	-	-
-	Popov	-	proper	5	-	-	-	-	-
-	Porkka	-	proper	10	kk:k	-	-	-	-
-	Porošenko	-	proper	1	-	-	-	-	-
-	Porta	-	proper	10	-	-	-	-	-
-	Porter	-	proper	?6	-	-	-	-	-
-	Porthan	-	proper	6	-	-	-	-	-
-	Portin	-	proper	5	-	-	-	-	-
-	Postinen	-	proper	38	-	-	-	-	-
-	Postma	-	proper	10	-	-	-	-	-
-	Potkonen	-	proper	38	-	-	-	-	-
-	Potter	-	proper	6	-	-	-	-	-
-	Pottier	-	proper	22|†5	-	-	-	-	-
-	Poulsen	-	proper	?6	-	-	-	-	-
-	Poutanen	-	proper	38	-	-	-	-	-
-	Poutiainen	-	proper	38	-	-	-	-	-
-	Powell	-	proper	5	-	-	-	-	-
-	Prescott	-	proper	5	-	-	-	-	-
-	Presley	-	proper	21	-	-	i|y	-	-
-	Prevc	-	proper	5	-	-	-	-	-
-	Price	-	proper	8	-	-	-	-	-
-	Prigožin	-	proper	5	-	-	-	-	-
-	Procházka	-	proper	9	-	-	-	-	-
-	Procopé	-	proper	21	-	-	-	-	-
-	Prodi	-	proper	5	-	-	-	-	-
-	Prévost	-	proper	5	-	-	-	-	-
-	Puchner	-	proper	6	-	-	-	-	-
-	Puhakka	-	proper	14	kk:k	-	-	-	-
-	Puikkonen	-	proper	38	-	-	-	-	-
-	Pukkila	-	proper	13	-	-	-	-	-
-	Pukkinen	-	proper	38	-	-	-	-	-
-	Pulkkanen	-	proper	38	-	-	-	-	-
-	Pulkkinen	-	proper	38	-	-	-	-	-
-	Pulli	-	proper	5	-	-	-	-	-
-	Pullinen	-	proper	38	-	-	-	-	-
-	Pumpanen	-	proper	38	-	-	-	-	-
-	Punkari	-	proper	?6	-	-	-	-	-
-	Puolakka	-	proper	14	kk:k	-	-	-	-
-	Puotila	-	proper	13	-	-	-	-	-
-	Puranen	-	proper	38	-	-	-	-	-
-	Purcell	-	proper	5	-	-	-	-	-
-	Puro	-	proper	1	-	-	-	-	-
-	Purola	-	proper	?12|10	-	-	-	-	-
-	Purra	-	proper	10	-	-	-	-	-
-	Pursiainen	-	proper	38	-	-	-	-	-
-	Pusa	-	proper	10	-	-	-	-	-
-	Puskala	-	proper	12	-	-	-	-	-
-	Putin	-	proper	5	-	-	-	-	-
-	Putkonen	-	proper	38	-	-	-	-	-
-	Putro	-	proper	1	-	-	-	-	-
-	Puttonen	-	proper	38	-	-	-	-	-
-	Puumala	-	proper	12	-	-	-	-	-
-	Puumalainen	-	proper	38	-	-	-	-	-
-	Puurula	-	proper	12	-	-	-	-	-
-	Puurunen	-	proper	38	-	-	-	-	-
-	Puustinen	-	proper	38	-	-	-	-	-
-	Pyhältö	-	proper	1	lt:ll	-	-	-	-
-	Pyhälä	-	proper	12	-	-	-	-	-
-	Pylkkänen	-	proper	38	-	-	-	-	-
-	Pynnönen	-	proper	38	-	-	-	-	-
-	Pyrhönen	-	proper	38	-	-	-	-	-
-	Pystynen	-	proper	38	-	-	-	-	-
-	Pyykkö	-	proper	1	kk:k	-	-	-	-
-	Pyykkönen	-	proper	38	-	-	-	-	-
-	Pyykönen	-	proper	38	-	-	-	-	-
-	Pyysiäinen	-	proper	38	-	-	-	-	-
-	Pálsson	-	proper	5	-	-	-	-	-
-	Päivinen	-	proper	38	-	-	-	-	-
-	Pälvi	-	proper	7	-	-	-	-	-
-	Pärssinen	-	proper	38	-	-	-	-	-
-	Pääkkönen	-	proper	38	-	-	-	-	-
-	Pérez	-	proper	5	-	-	-	-	-
-	Pétursson	-	proper	5	-	-	-	-	-
-	Pöllänen	-	proper	38	-	-	-	-	-
-	Pölönen	-	proper	38	-	-	-	-	-
-	Pöntinen	-	proper	38	-	-	-	-	-
-	Pöyhölä	-	proper	12	-	-	-	-	-
-	Pöyhönen	-	proper	38	-	-	-	-	-
-	Pöysti	-	proper	5	-	-	-	-	-
-	Quinn	-	proper	5	-	-	-	-	-
-	Raabe	-	proper	8	-	-	-	-	-
-	Raade	-	proper	48	t:d	-	-	-	-
-	Raade	-	proper	8	-	-	-	-	-
-	Raappana	-	proper	13	-	-	-	-	-
-	Raatikainen	-	proper	38	-	-	-	-	-
-	Rachůnek	-	proper	5	-	-	-	-	-
-	Radev	-	proper	5	-	-	-	-	-
-	Radford	-	proper	5	-	-	-	-	-
-	Rahikainen	-	proper	38	-	-	-	-	-
-	Rahkola	-	proper	12	-	-	-	-	-
-	Rahkonen	-	proper	38	-	-	-	-	-
-	Rahman	-	proper	6	-	-	-	-	-
-	Rahunen	-	proper	38	-	-	-	-	-
-	Rainio	-	proper	3	-	-	-	-	-
-	Raita	-	proper	9	-	-	-	-	-
-	Raitanen	-	proper	38	-	-	-	-	-
-	Raitio	-	proper	3	-	-	-	-	-
-	Raittinen	-	proper	38	-	-	-	-	-
-	Raivio	-	proper	3	-	-	-	-	-
-	Rajala	-	proper	12	-	-	-	-	-
-	Raksila	-	proper	13	-	-	-	-	-
-	Ramos	-	proper	39	-	-	-	-	-
-	Ramsay	-	proper	21	-	front|back	i|y	-	-
-	Ramstedt	-	proper	5	-	-	-	-	-
-	Randelin	-	proper	5	-	-	-	-	-
-	Ranieri	-	proper	5	-	-	-	-	-
-	Ranki	-	proper	5	-	-	-	-	-
-	Ranne	-	proper	48	nt:nn	-	-	-	-
-	Rannikko	-	proper	4	kk:k	-	-	-	-
-	Ranta	-	proper	9	nt:nn	-	-	-	-
-	Rantala	-	proper	12	-	-	-	-	-
-	Rantanen	-	proper	38	-	-	-	-	-
-	Ranttila	-	proper	12	-	-	-	-	-
-	Rask	-	proper	5	-	-	-	-	-
-	Rasmussen	-	proper	6	-	-	-	-	-
-	Rasputin	-	proper	5	-	-	-	-	-
-	Rastas	-	proper	39	-	-	-	-	-
-	Ratikainen	-	proper	38	-	-	-	-	-
-	Ratilainen	-	proper	38	-	-	-	-	-
-	Ratzinger	-	proper	6	-	-	-	-	-
-	Raud	-	proper	5	-	-	-	-	-
-	Rauhala	-	proper	12	-	-	-	-	-
-	Raunio	-	proper	3	-	-	-	-	-
-	Rautala	-	proper	12	-	-	-	-	-
-	Rautanen	-	proper	38	-	-	-	-	-
-	Rautiainen	-	proper	38	-	-	-	-	-
-	Rautio	-	proper	3	-	-	-	-	-
-	Razmyar	-	proper	5	-	-	-	-	-
-	Rea	-	proper	9	-	-	-	-	-
-	Read	-	proper	5	-	-	-	-	-
-	Reagan	-	proper	6	-	-	-	-	-
-	Rebelo	-	proper	2	-	-	-	-	-
-	Rechardt	-	proper	5	-	-	-	-	-
-	Reding	-	proper	5	-	-	-	-	-
-	Reed	-	proper	5	-	-	-	-	-
-	Rees	-	proper	5	-	-	-	-	-
-	Rehbinder	-	proper	5	-	-	-	-	-
-	Rehn	-	proper	5	-	-	-	-	-
-	Rehula	-	proper	12	-	-	-	-	-
-	Reichel	-	proper	?6	-	-	-	-	-
-	Reijonen	-	proper	38	-	-	-	-	-
-	Reimann	-	proper	5	-	-	-	-	-
-	Reinikainen	-	proper	38	-	-	-	-	-
-	Reinikka	-	proper	14	kk:k	-	-	-	-
-	Reitz	-	proper	5	-	-	-	-	-
-	Rejman	-	proper	5	-	-	-	-	-
-	Rekola	-	proper	12	-	-	-	-	-
-	Relander	-	proper	?6	-	-	-	-	-
-	Rembrandt	-	proper	5	-	-	-	-	-
-	Remes	-	proper	39	-	-	-	-	-
-	Renard	-	proper	5	-	-	-	-	-
-	Renaud	-	proper	22|†5	-	-	-	-	-
-	Renko	-	proper	1	nk:ng	-	-	-	-
-	Renoir	-	proper	5	-	-	-	-	-
-	Renvall	-	proper	5	-	-	-	-	-
-	Repo	-	proper	1	p:v	-	-	-	-
-	Reponen	-	proper	38	-	-	-	-	-
-	Reppuli	-	proper	6	-	-	-	-	-
-	Reunanen	-	proper	38	-	-	-	-	-
-	Reuter	-	proper	6	-	-	-	-	-
-	Rey	-	proper	21	-	-	i|y	-	-
-	Reynolds	-	proper	5	-	-	-	-	-
-	Rhodes	-	proper	39	-	-	-	-	-
-	Ribeiro	-	proper	1	-	-	-	-	-
-	Ricci	-	proper	5	-	-	-	-	-
-	Rice	-	proper	8	-	-	-	-	-
-	Richard	-	proper	5	-	-	-	-	-
-	Richards	-	proper	5	-	-	-	-	-
-	Richardson	-	proper	?6	-	-	-	-	-
-	Richelieu	-	proper	21	-	-	-	-	-
-	Richie	-	proper	8|21	-	-	-	-	-
-	Richter	-	proper	6	-	-	-	-	-
-	Richthofen	-	proper	?6	-	-	-	-	-
-	Riemann	-	proper	5	-	-	-	-	-
-	Rihanna	-	proper	13	-	-	-	-	-
-	Riihelä	-	proper	12	-	-	-	-	-
-	Riikola	-	proper	?12|10	-	-	-	-	-
-	Riikonen	-	proper	38	-	-	-	-	-
-	Riipinen	-	proper	38	-	-	-	-	-
-	Riise	-	proper	8	-	-	-	-	-
-	Rikala	-	proper	12	-	-	-	-	-
-	Ringbom	-	proper	5	-	-	-	-	-
-	Rinne	-	proper	48	nt:nn	-	-	-	-
-	Rintala	-	proper	12	-	-	-	-	-
-	Rintanen	-	proper	38	-	-	-	-	-
-	Ripatti	-	proper	5	tt:t	-	-	-	-
-	Rippon	-	proper	?6	-	-	-	-	-
-	Risikko	-	proper	4	kk:k	-	-	-	-
-	Risku	-	proper	1	-	-	-	-	-
-	Rissanen	-	proper	38	-	-	-	-	-
-	Rista	-	proper	9	-	-	-	-	-
-	Ristolainen	-	proper	38	-	-	-	-	-
-	Ritola	-	proper	12	-	-	-	-	-
-	Ritter	-	proper	6	-	-	-	-	-
-	Riuttanen	-	proper	38	-	-	-	-	-
-	Rivera	-	proper	13	-	-	-	-	-
-	Robb	-	proper	5	-	-	-	-	-
-	Robert	-	proper	5	-	-	-	-	-
-	Roberts	-	proper	5	-	-	-	-	-
-	Robertson	-	proper	?6	-	-	-	-	-
-	Robinson	-	proper	6	-	-	-	-	-
-	Robson	-	proper	?6	-	-	-	-	-
-	Roche	-	proper	8	-	-	-	-	-
-	Rochefort	-	proper	5	-	-	-	-	-
-	Rodgers	-	proper	5	-	-	-	-	-
-	Rodin	-	proper	5	-	-	-	-	-
-	Rodriguez	-	proper	5	-	-	-	-	-
-	Rodríguez	-	proper	5	-	-	-	-	-
-	Roediger	-	proper	5	-	-	-	-	-
-	Rogers	-	proper	5	-	-	-	-	-
-	Roiha	-	proper	10	-	-	-	-	-
-	Roine	-	proper	8	-	-	-	-	-
-	Roininen	-	proper	38	-	-	-	-	-
-	Roivainen	-	proper	38	-	-	-	-	-
-	Rojas	-	proper	5|†39	-	-	-	-	-
-	Rokkanen	-	proper	38	-	-	-	-	-
-	Rolland	-	proper	5	-	-	-	-	-
-	Romano	-	proper	2	-	-	-	-	-
-	Romanov	-	proper	5	-	-	-	-	-
-	Romar	-	proper	?6	-	-	-	-	-
-	Romero	-	proper	2	-	-	-	-	-
-	Rommel	-	proper	?6	-	-	-	-	-
-	Romppainen	-	proper	38	-	-	-	-	-
-	Romppanen	-	proper	38	-	-	-	-	-
-	Ronaldo	-	proper	1	-	-	-	-	-
-	Ronkainen	-	proper	38	-	-	-	-	-
-	Ronstadt	-	proper	5	-	-	-	-	-
-	Roos	-	proper	5	-	-	-	-	-
-	Roosevelt	-	proper	5	-	-	-	-	-
-	Rope	-	proper	8	-	-	-	-	-
-	Ropponen	-	proper	38	-	-	-	-	-
-	Rosa	-	proper	10	-	-	-	-	-
-	Rosberg	-	proper	5	-	-	-	-	-
-	Roschier	-	proper	5	-	-	-	-	-
-	Rosen	-	proper	?6	-	-	-	-	-
-	Rosenberg	-	proper	5	-	-	-	-	-
-	Rosenbröijer	-	proper	6	-	-	-	-	-
-	Rosendahl	-	proper	5	-	-	-	-	-
-	Rosenqvist	-	proper	5	-	-	-	-	-
-	Rosenstein	-	proper	5	-	-	-	-	-
-	Rossellini	-	proper	?6	-	-	-	-	-
-	Rossetti	-	proper	5	tt:t	-	-	-	-
-	Rossi	-	proper	5	-	-	-	-	-
-	Rossini	-	proper	?6	-	-	-	-	-
-	Rostedt	-	proper	5	-	-	-	-	-
-	Rotenberg	-	proper	5	-	-	-	-	-
-	Roth	-	proper	5	-	-	-	-	-
-	Rothley	-	proper	21	-	front|back	i|y	-	-
-	Rotkirch	-	proper	5	-	-	-	-	-
-	Rouhiainen	-	proper	38	-	-	-	-	-
-	Rousseau	-	proper	21	-	-	-	-	-
-	Roussel	-	proper	?6	-	-	-	-	-
-	Routledge	-	proper	8	-	-	-	-	-
-	Rouvali	-	proper	?6	-	-	-	-	-
-	Roux	-	proper	22|†5	-	-	u	-	-
-	Rowling	-	proper	5	-	-	-	-	-
-	Roy	-	proper	21	-	-	i|y	-	-
-	Rubinštein	-	proper	5	-	-	-	-	-
-	Rubio	-	proper	3	-	-	-	-	-
-	Rueda	-	proper	9	-	-	-	-	-
-	Ruffo	-	proper	1	-	-	-	-	-
-	Ruiz	-	proper	5	-	-	-	-	-
-	Runeberg	-	proper	5	-	-	-	-	-
-	Rung	-	proper	5	-	-	-	-	-
-	Runggaldier	-	proper	5	-	-	-	-	-
-	Runne	-	proper	8	-	-	-	-	-
-	Ruohola	-	proper	12	-	-	-	-	-
-	Ruohonen	-	proper	38	-	-	-	-	-
-	Ruokonen	-	proper	38	-	-	-	-	-
-	Ruotanen	-	proper	38	-	-	-	-	-
-	Ruotsalainen	-	proper	38	-	-	-	-	-
-	Rus	-	proper	5	-	-	-	-	-
-	Rusanen	-	proper	38	-	-	-	-	-
-	Russell	-	proper	5	-	-	-	-	-
-	Russo	-	proper	1	-	-	-	-	-
-	Ruth	-	proper	5	-	-	-	-	-
-	Rutherford	-	proper	5	-	-	-	-	-
-	Ruud	-	proper	5	-	-	-	-	-
-	Ruuska	-	proper	10	-	-	-	-	-
-	Ruuskanen	-	proper	38	-	-	-	-	-
-	Ruutu	-	proper	1	-	-	-	-	-
-	Rydberg	-	proper	5	-	-	-	-	-
-	Rydell	-	proper	5	-	-	-	-	-
-	Ryder	-	proper	6	-	-	-	-	-
-	Rydman	-	proper	5	-	-	-	-	-
-	Ryhänen	-	proper	38	-	-	-	-	-
-	Ryti	-	proper	5	t:d	-	-	-	-
-	Rytky	-	proper	1	-	-	-	-	-
-	Rytkönen	-	proper	38	-	-	-	-	-
-	Ryynänen	-	proper	38	-	-	-	-	-
-	Ryytty	-	proper	1	tt:t	-	-	-	-
-	Rákosi	-	proper	5	-	-	-	-	-
-	Räihä	-	proper	10	-	-	-	-	-
-	Räike	-	proper	8	-	-	-	-	-
-	Räikkönen	-	proper	38	-	-	-	-	-
-	Räisänen	-	proper	38	-	-	-	-	-
-	Rämö	-	proper	1	-	-	-	-	-
-	Räsänen	-	proper	38	-	-	-	-	-
-	Räty	-	proper	1	-	-	-	-	-
-	Rådström	-	proper	5	-	-	-	-	-
-	Régnier	-	proper	22|†5	-	-	-	-	-
-	Rózsa	-	proper	10	-	-	-	-	-
-	Römer	-	proper	6	-	-	-	-	-
-	Rönkkö	-	proper	1	-	-	-	-	-
-	Rönkä	-	proper	10	-	-	-	-	-
-	Rönnholm	-	proper	5	-	-	-	-	-
-	Röyhkä	-	proper	10	-	-	-	-	-
-	Röyttä	-	proper	10	tt:t	-	-	-	-
-	Rønning	-	proper	5	-	-	-	-	-
-	Saakašvili	-	proper	6	-	-	-	-	-
-	Saapunki	-	proper	5	-	-	-	-	-
-	Saar	-	proper	5	-	-	-	-	-
-	Saarakkala	-	proper	12	-	-	-	-	-
-	Saarela	-	proper	12	-	-	-	-	-
-	Saarelainen	-	proper	38	-	-	-	-	-
-	Saari	-	proper	26	-	-	-	-	-
-	Saarikko	-	proper	4	kk:k	-	-	-	-
-	Saarinen	-	proper	38	-	-	-	-	-
-	Saario	-	proper	3	-	-	-	-	-
-	Saaristo	-	proper	1	-	-	-	-	-
-	Saarman	-	proper	5	-	-	-	-	-
-	Saarnio	-	proper	3	-	-	-	-	-
-	Saastamoinen	-	proper	38	-	-	-	-	-
-	Sachs	-	proper	5	-	-	-	-	-
-	Sahlstedt	-	proper	5	-	-	-	-	-
-	Saikkonen	-	proper	38	-	-	-	-	-
-	Sailo	-	proper	1	-	-	-	-	-
-	Sainio	-	proper	3	-	-	-	-	-
-	Sainz	-	proper	5	-	-	-	-	-
-	Sairanen	-	proper	38	-	-	-	-	-
-	Saisio	-	proper	3	-	-	-	-	-
-	Saitō	-	proper	?21|1	-	-	-	-	-
-	Sakai	-	proper	18	-	-	-	-	-
-	Sakamoto	-	proper	1	-	-	-	-	-
-	Sakellariou	-	proper	21	-	-	-	-	-
-	Sakkara	-	proper	12	-	-	-	-	-
-	Saksa	-	proper	9	-	-	-	-	-
-	Saksela	-	proper	13	-	-	-	-	-
-	Sakurai	-	proper	18	-	-	-	-	-
-	Sala	-	proper	9	-	-	-	-	-
-	Salah	-	proper	22|5	-	-	-	-	-
-	Salakka	-	proper	14	kk:k	-	-	-	-
-	Salama	-	proper	10	-	-	-	-	-
-	Salazar	-	proper	6	-	-	-	-	-
-	Salin	-	proper	5	-	-	-	-	-
-	Sallinen	-	proper	38	-	-	-	-	-
-	Salmela	-	proper	12	-	-	-	-	-
-	Salmelainen	-	proper	38	-	-	-	-	-
-	Salmi	2	proper	7	-	-	-	-	-
-	Salminen	-	proper	38	-	-	-	-	-
-	Salo	-	proper	1	-	-	-	-	-
-	Salonen	-	proper	38	-	-	-	-	-
-	Salvini	-	proper	?6	-	-	-	-	-
-	Samsonov	-	proper	5	-	-	-	-	-
-	Samuelsson	-	proper	5	-	-	-	-	-
-	Samulin	-	proper	5	-	-	-	-	-
-	Sanchez	-	proper	5	-	-	-	-	-
-	Sandberg	-	proper	5	-	-	-	-	-
-	Sandelin	-	proper	5	-	-	-	-	-
-	Sander	-	proper	6	-	-	-	-	-
-	Sanders	-	proper	5	-	-	-	-	-
-	Sandgren	-	proper	?6	-	-	-	-	-
-	Sandström	-	proper	5	-	-	-	-	-
-	Sandvik	-	proper	5	-	-	-	-	-
-	Sannikka	-	proper	14	kk:k	-	-	-	-
-	Santala	-	proper	12	-	-	-	-	-
-	Santana	-	proper	13	-	-	-	-	-
-	Santonen	-	proper	38	-	-	-	-	-
-	Santos	-	proper	39	-	-	-	-	-
-	Sanz	-	proper	5	-	-	-	-	-
-	Sarajas	-	proper	39	-	-	-	-	-
-	Saramo	-	proper	2	-	-	-	-	-
-	Saraste	-	proper	8	-	-	-	-	-
-	Sariola	-	proper	9	-	-	-	-	-
-	Sarkkinen	-	proper	38	-	-	-	-	-
-	Sarkola	-	proper	12	-	-	-	-	-
-	Sarkozy	-	proper	1	-	-	-	-	-
-	Sarlin	-	proper	5	-	-	-	-	-
-	Saros	-	proper	39	-	-	-	-	-
-	Sarrazin	-	proper	5	-	-	-	-	-
-	Sasahara	-	proper	9	-	-	-	-	-
-	Sasaki	-	proper	5	-	-	-	-	-
-	Sasi	-	proper	5	-	-	-	-	-
-	Satonen	-	proper	38	-	-	-	-	-
-	Satō	-	proper	?21|1	-	-	-	-	-
-	Saukko	-	proper	1	kk:k	-	-	-	-
-	Saukkonen	-	proper	38	-	-	-	-	-
-	Sauli	-	proper	5	-	-	-	-	-
-	Savela	-	proper	12	-	-	-	-	-
-	Savinainen	-	proper	38	-	-	-	-	-
-	Savola	-	proper	12	-	-	-	-	-
-	Savolainen	-	proper	38	-	-	-	-	-
-	Savonen	-	proper	38	-	-	-	-	-
-	Sawalha	-	proper	9	-	-	-	-	-
-	Sawyer	-	proper	6	-	-	-	-	-
-	Saxell	-	proper	5	-	-	-	-	-
-	Scarlatti	-	proper	5	tt:t	-	-	-	-
-	Schaad	-	proper	5	-	-	-	-	-
-	Schacht	-	proper	5	-	-	-	-	-
-	Schantz	-	proper	5	-	-	-	-	-
-	Schauman	-	proper	5	-	-	-	-	-
-	Schierhuber	-	proper	?6	-	-	-	-	-
-	Schildt	-	proper	5	-	-	-	-	-
-	Schjerfbeck	-	proper	5	-	-	-	-	-
-	Schlager	-	proper	6	-	-	-	-	-
-	Schlegel	-	proper	?6	-	-	-	-	-
-	Schmid	-	proper	5	-	-	-	-	-
-	Schmidt	-	proper	5	-	-	-	-	-
-	Schmitt	-	proper	5	-	-	-	-	-
-	Schnabel	-	proper	?6	-	-	-	-	-
-	Schneider	-	proper	6	-	-	-	-	-
-	Scholz	-	proper	5	-	-	-	-	-
-	Schopenhauer	-	proper	6	-	-	-	-	-
-	Schoultz	-	proper	5	-	-	-	-	-
-	Schrader	-	proper	6	-	-	-	-	-
-	Schreyer	-	proper	?6	-	-	-	-	-
-	Schroedter	-	proper	?6	-	-	-	-	-
-	Schröder	-	proper	6	-	-	-	-	-
-	Schrödinger	-	proper	6	-	-	-	-	-
-	Schubert	-	proper	5	-	-	-	-	-
-	Schultén	-	proper	5	-	-	-	-	-
-	Schulz	-	proper	5	-	-	-	-	-
-	Schumacher	-	proper	5	-	-	-	-	-
-	Schumann	-	proper	5	-	-	-	-	-
-	Schwarz	-	proper	5	-	-	-	-	-
-	Schwarzenberg	-	proper	5	-	-	-	-	-
-	Schybergson	-	proper	?6	-	-	-	-	-
-	Schäfer	-	proper	6	-	-	-	-	-
-	Schüssel	-	proper	?6	-	-	-	-	-
-	Scott	-	proper	5	-	-	-	-	-
-	Scully	-	proper	1	-	-	-	-	-
-	Sedlák	-	proper	5	-	-	-	-	-
-	Segercrantz	-	proper	5	-	-	-	-	-
-	Segerstam	-	proper	5	-	-	-	-	-
-	Seidel	-	proper	?6	-	-	-	-	-
-	Seidl	-	proper	5	-	-	-	-	-
-	Seixas	-	proper	5|†39	-	-	-	-	-
-	Selin	-	proper	5	-	-	-	-	-
-	Semenya	-	proper	12	-	-	-	-	-
-	Semjonov	-	proper	5	-	-	-	-	-
-	Senna	-	proper	9	-	-	-	-	-
-	Sepponen	-	proper	38	-	-	-	-	-
-	Seppä	-	proper	10	pp:p	-	-	-	-
-	Seppälä	-	proper	12	-	-	-	-	-
-	Seppänen	-	proper	38	-	-	-	-	-
-	Sergejev	-	proper	5	-	-	-	-	-
-	Serlachius	-	proper	39	-	-	-	-	-
-	Setälä	-	proper	12	-	-	-	-	-
-	Seuri	-	proper	5	-	-	-	-	-
-	Shakespeare	-	proper	8	-	-	-	-	-
-	Sharif	-	proper	5	-	-	-	-	-
-	Sharp	-	proper	5	-	-	-	-	-
-	Shaw	-	proper	22|†5	-	-	o	-	-
-	Sheeran	-	proper	6	-	-	-	-	-
-	Sheppard	-	proper	5	-	-	-	-	-
-	Sheridan	-	proper	?6	-	-	-	-	-
-	Sherman	-	proper	5	-	-	-	-	-
-	Sherwood	-	proper	5	-	-	-	-	-
-	Shimizu	-	proper	1	-	-	-	-	-
-	Sibelius	-	proper	39	-	-	-	-	-
-	Siegel	-	proper	?6	-	-	-	-	-
-	Siekkinen	-	proper	38	-	-	-	-	-
-	Sieppi	-	proper	5	pp:p	-	-	-	-
-	Sierilä	-	proper	12	-	-	-	-	-
-	Sievinen	-	proper	38	-	-	-	-	-
-	Sigurðardóttir	-	proper	5	-	-	-	-	-
-	Sigurðsson	-	proper	5	-	-	-	-	-
-	Sihvola	-	proper	12	-	-	-	-	-
-	Sihvonen	-	proper	38	-	-	-	-	-
-	Siimes	-	proper	39	-	-	-	-	-
-	Siirilä	-	proper	12	-	-	-	-	-
-	Siirtola	-	proper	12	-	-	-	-	-
-	Siitonen	-	proper	38	-	-	-	-	-
-	Siivonen	-	proper	38	-	-	-	-	-
-	Sikorski	-	proper	5	-	-	-	-	-
-	Silander	-	proper	5	-	-	-	-	-
-	Silfverberg	-	proper	5	-	-	-	-	-
-	Silfverstolpe	-	proper	8	-	-	-	-	-
-	Silfversvan	-	proper	?6	-	-	-	-	-
-	Siltala	-	proper	12	-	-	-	-	-
-	Siltanen	-	proper	38	-	-	-	-	-
-	Silva	-	proper	9	-	-	-	-	-
-	Silvennoinen	-	proper	38	-	-	-	-	-
-	Simeone	-	proper	8	-	-	-	-	-
-	Similä	-	proper	12	-	-	-	-	-
-	Simmons	-	proper	5	-	-	-	-	-
-	Simola	-	proper	12	-	-	-	-	-
-	Simon	-	proper	?6	-	-	-	-	-
-	Simoncelli	-	proper	5	-	-	-	-	-
-	Simonen	-	proper	38	-	-	-	-	-
-	Simons	-	proper	5	-	-	-	-	-
-	Simonsen	-	proper	?6	-	-	-	-	-
-	Simpson	-	proper	6	-	-	-	-	-
-	Simula	-	proper	12	-	-	-	-	-
-	Sinatra	-	proper	9	-	-	-	-	-
-	Sinclair	-	proper	5	-	-	-	-	-
-	Sinervo	-	proper	1	-	-	-	-	-
-	Singer	-	proper	?6	-	-	-	-	-
-	Singh	-	proper	5	-	-	-	-	-
-	Sinkkonen	-	proper	38	-	-	-	-	-
-	Sipilä	-	proper	12	-	-	-	-	-
-	Sipiläinen	-	proper	38	-	-	-	-	-
-	Sipola	-	proper	12	-	-	-	-	-
-	Sippola	-	proper	12	-	-	-	-	-
-	Siren	-	proper	?6	-	-	-	-	-
-	Sirkiä	-	proper	12	-	-	-	-	-
-	Sirviö	-	proper	3	-	-	-	-	-
-	Sirén	-	proper	5	-	-	-	-	-
-	Sistonen	-	proper	38	-	-	-	-	-
-	Siukonen	-	proper	38	-	-	-	-	-
-	Sivertsen	-	proper	?6	-	-	-	-	-
-	Sivonen	-	proper	38	-	-	-	-	-
-	Sivula	-	proper	12	-	-	-	-	-
-	Sivén	-	proper	5	-	-	-	-	-
-	Sjöberg	-	proper	5	-	-	-	-	-
-	Sjöblom	-	proper	5	-	-	-	-	-
-	Sjögren	-	proper	?6	-	-	-	-	-
-	Sjöholm	-	proper	5	-	-	-	-	-
-	Sjölund	-	proper	5	-	-	-	-	-
-	Sjöman	-	proper	5	-	-	-	-	-
-	Sjöstedt	-	proper	5	-	-	-	-	-
-	Sjöstrand	-	proper	5	-	-	-	-	-
-	Skarsgård	-	proper	5	-	-	-	-	-
-	Skinnari	-	proper	6	-	-	-	-	-
-	Skinner	-	proper	6	-	-	-	-	-
-	Skog	-	proper	5	-	-	-	-	-
-	Skoglund	-	proper	5	-	-	-	-	-
-	Skovgaard	-	proper	5	-	-	-	-	-
-	Skram	-	proper	5	-	-	-	-	-
-	Skutnabb	-	proper	5	-	-	-	-	-
-	Skyttä	-	proper	10	tt:t	-	-	-	-
-	Skúlason	-	proper	?6	-	-	-	-	-
-	Slind	-	proper	5	-	-	-	-	-
-	Sloane	-	proper	8	-	-	-	-	-
-	Smeds	-	proper	5	-	-	-	-	-
-	Smetana	-	proper	13	-	-	-	-	-
-	Smirnov	-	proper	5	-	-	-	-	-
-	Smirnova	-	proper	10	-	-	-	-	-
-	Smit	-	proper	5	-	-	-	-	-
-	Smith	-	proper	5	-	-	-	-	-
-	Smolander	-	proper	5	-	-	-	-	-
-	Snellman	-	proper	5	-	-	-	-	-
-	Snowden	-	proper	6	-	-	-	-	-
-	Sobolev	-	proper	5	-	-	-	-	-
-	Sohlman	-	proper	5	-	-	-	-	-
-	Soikkeli	-	proper	6	-	-	-	-	-
-	Soini	-	proper	5	-	-	-	-	-
-	Soininen	-	proper	38	-	-	-	-	-
-	Soinio	-	proper	3	-	-	-	-	-
-	Sokolov	-	proper	5	-	-	-	-	-
-	Solana	-	proper	12	-	-	-	-	-
-	Solberg	-	proper	5	-	-	-	-	-
-	Soler	-	proper	6	-	-	-	-	-
-	Solomon	-	proper	?6	-	-	-	-	-
-	Solovjov	-	proper	5	-	-	-	-	-
-	Sonck	-	proper	5	-	-	-	-	-
-	Sopanen	-	proper	38	-	-	-	-	-
-	Soppela	-	proper	13	-	-	-	-	-
-	Sormunen	-	proper	38	-	-	-	-	-
-	Soros	-	proper	5|†39	-	-	-	-	-
-	Sorrius	-	proper	39	-	-	-	-	-
-	Sorsa	-	proper	10	-	-	-	-	-
-	Sorvali	-	proper	?6	-	-	-	-	-
-	Sorvari	-	proper	6	-	-	-	-	-
-	Sousa	-	proper	10	-	-	-	-	-
-	Sparre	-	proper	8	-	-	-	-	-
-	Sparv	-	proper	5	-	-	-	-	-
-	Spears	-	proper	5	-	-	-	-	-
-	Spencer	-	proper	6	-	-	-	-	-
-	Spielberg	-	proper	5	-	-	-	-	-
-	Spinoza	-	proper	10	-	-	-	-	-
-	Springer	-	proper	6	-	-	-	-	-
-	Springsteen	-	proper	5	-	-	-	-	-
-	Spåre	-	proper	8	-	-	-	-	-
-	Stadlober	-	proper	6	-	-	-	-	-
-	Stahl	-	proper	5	-	-	-	-	-
-	Stalin	-	proper	5	-	-	-	-	-
-	Stallone	-	proper	8	-	-	-	-	-
-	Standertskjöld	-	proper	5	-	-	-	-	-
-	Stanford	-	proper	5	-	-	-	-	-
-	Stanley	-	proper	21	-	front|back	i|y	-	-
-	Stauner	-	proper	?6	-	-	-	-	-
-	Stavitski	-	proper	5	-	-	-	-	-
-	Stedingk	-	proper	5	-	-	-	-	-
-	Steen	-	proper	5	-	-	-	-	-
-	Stefánsson	-	proper	5	-	-	-	-	-
-	Steinberg	-	proper	5	-	-	-	-	-
-	Steiner	-	proper	6	-	-	-	-	-
-	Stenberg	-	proper	5	-	-	-	-	-
-	Stenbäck	-	proper	5	-	-	-	-	-
-	Stenholm	-	proper	5	-	-	-	-	-
-	Stenius	-	proper	39	-	-	-	-	-
-	Stenman	-	proper	5	-	-	-	-	-
-	Stenroth	-	proper	5	-	-	-	-	-
-	Stenvall	-	proper	5	-	-	-	-	-
-	Stenzel	-	proper	?6	-	-	-	-	-
-	Stepanov	-	proper	5	-	-	-	-	-
-	Stepanova	-	proper	10	-	-	-	-	-
-	Stephens	-	proper	5	-	-	-	-	-
-	Sterckx	-	proper	5	-	-	-	-	-
-	Sterling	-	proper	5	-	-	-	-	-
-	Stevens	-	proper	5	-	-	-	-	-
-	Stevenson	-	proper	?6	-	-	-	-	-
-	Stewart	-	proper	5	-	-	-	-	-
-	Stewen	-	proper	?6	-	-	-	-	-
-	Stešenko	-	proper	1	-	-	-	-	-
-	Stiller	-	proper	6	-	-	-	-	-
-	Stjernschantz	-	proper	5	-	-	-	-	-
-	Stjernvall	-	proper	5	-	-	-	-	-
-	Stockhausen	-	proper	?6	-	-	-	-	-
-	Stoltenberg	-	proper	5	-	-	-	-	-
-	Stone	-	proper	8	-	-	-	-	-
-	Strache	-	proper	8	-	-	-	-	-
-	Strait	-	proper	5	-	-	-	-	-
-	Straka	-	proper	9	-	-	-	-	-
-	Strand	-	proper	5	-	-	-	-	-
-	Strandberg	-	proper	5	-	-	-	-	-
-	Strandvall	-	proper	5	-	-	-	-	-
-	Strauss	-	proper	5	-	-	-	-	-
-	Streisand	-	proper	5	-	-	-	-	-
-	Strindberg	-	proper	5	-	-	-	-	-
-	Stránský	-	proper	21|1	-	-	-	-	-
-	Ström	-	proper	5	-	-	-	-	-
-	Strömberg	-	proper	5	-	-	-	-	-
-	Strömwall	-	proper	5	-	-	-	-	-
-	Strøm	-	proper	5	-	-	-	-	-
-	Stuart	-	proper	5	-	-	-	-	-
-	Stubb	-	proper	5	-	-	-	-	-
-	Stuck	-	proper	5	-	-	-	-	-
-	Sturm	-	proper	5	-	-	-	-	-
-	Ståhl	-	proper	5	-	-	-	-	-
-	Ståhlberg	-	proper	5	-	-	-	-	-
-	Stülpnagel	-	proper	?6	-	-	-	-	-
-	Suarez	-	proper	5	-	-	-	-	-
-	Sugiyama	-	proper	9	-	-	-	-	-
-	Suhonen	-	proper	38	-	-	-	-	-
-	Suihkonen	-	proper	38	-	-	-	-	-
-	Sukari	-	proper	6	-	-	-	-	-
-	Sullivan	-	proper	5	-	-	-	-	-
-	Summanen	-	proper	38	-	-	-	-	-
-	Sun	-	proper	5	-	-	-	-	-
-	Sunak	-	proper	5	-	-	-	-	-
-	Sundberg	-	proper	5	-	-	-	-	-
-	Sunde	-	proper	8	-	-	-	-	-
-	Sundell	-	proper	5	-	-	-	-	-
-	Sundin	-	proper	5	-	-	-	-	-
-	Sundman	-	proper	5	-	-	-	-	-
-	Sundqvist	-	proper	5	-	-	-	-	-
-	Sundström	-	proper	5	-	-	-	-	-
-	Suni	-	proper	5	-	-	-	-	-
-	Sunila	-	proper	13	-	-	-	-	-
-	Suninen	-	proper	38	-	-	-	-	-
-	Suokas	-	proper	41	kk:k	-	-	-	-
-	Suomalainen	-	proper	38	-	-	-	-	-
-	Suomela	-	proper	12	-	-	-	-	-
-	Suomi	-	proper	7	-	-	-	-	-
-	Suominen	-	proper	38	-	-	-	-	-
-	Suonio	-	proper	3	-	-	-	-	-
-	Suter	-	proper	6	-	-	-	-	-
-	Sutinen	-	proper	38	-	-	-	-	-
-	Suuronen	-	proper	38	-	-	-	-	-
-	Suutari	-	proper	6	-	-	-	-	-
-	Suutarinen	-	proper	38	-	-	-	-	-
-	Suvanto	-	proper	1	nt:nn	-	-	-	-
-	Suzuki	-	proper	5	-	-	-	-	-
-	Suárez	-	proper	5	-	-	-	-	-
-	Svan	-	proper	5	-	-	-	-	-
-	Svedberg	-	proper	5	-	-	-	-	-
-	Svedjeholm	-	proper	5	-	-	-	-	-
-	Svendsen	-	proper	6	-	-	-	-	-
-	Svensson	-	proper	5	-	-	-	-	-
-	Svetšnikov	-	proper	5	-	-	-	-	-
-	Svinhufvud	-	proper	5	-	-	-	-	-
-	Svoboda	-	proper	10	-	-	-	-	-
-	Svärd	-	proper	5	-	-	-	-	-
-	Swift	-	proper	5	-	-	-	-	-
-	Swoboda	-	proper	10	-	-	-	-	-
-	Sykes	-	proper	39	-	-	-	-	-
-	Sypień	-	proper	5	-	-	-	-	-
-	Syrjä	-	proper	10	-	-	-	-	-
-	Syrjälä	-	proper	12	-	-	-	-	-
-	Syrjänen	-	proper	38	-	-	-	-	-
-	Szabó	-	proper	?21|1	-	-	-	-	-
-	Szathmáry	-	proper	1	-	front|back	-	-	-
-	Szász	-	proper	5	-	-	-	-	-
-	Sánchez	-	proper	5	-	-	-	-	-
-	Säkkinen	-	proper	38	-	-	-	-	-
-	Söderberg	-	proper	5	-	-	-	-	-
-	Södergren	-	proper	?6	-	-	-	-	-
-	Söderholm	-	proper	5	-	-	-	-	-
-	Söderlund	-	proper	5	-	-	-	-	-
-	Söderström	-	proper	5	-	-	-	-	-
-	Sörensen	-	proper	?6	-	-	-	-	-
-	Sörvik	-	proper	5	-	-	-	-	-
-	Sørensen	-	proper	?6	-	-	-	-	-
-	Taanila	-	proper	13	-	-	-	-	-
-	Taavitsainen	-	proper	38	-	-	-	-	-
-	Tabermann	-	proper	5	-	-	-	-	-
-	Taguchi	-	proper	5	-	-	-	-	-
-	Tahvanainen	-	proper	38	-	-	-	-	-
-	Taimela	-	proper	12	-	-	-	-	-
-	Taipale	-	proper	49	-	-	-	-	-
-	Takagi	-	proper	5	-	-	-	-	-
-	Takahashi	-	proper	5	-	-	-	-	-
-	Takala	-	proper	12	-	-	-	-	-
-	Takalo	-	proper	2	-	-	-	-	-
-	Takayama	-	proper	9	-	-	-	-	-
-	Takeda	-	proper	9	-	-	-	-	-
-	Takeuchi	-	proper	5	-	-	-	-	-
-	Takkinen	-	proper	38	-	-	-	-	-
-	Takkula	-	proper	12	-	-	-	-	-
-	Takács	-	proper	5	-	-	-	-	-
-	Talbot	-	proper	5	-	-	-	-	-
-	Tallberg	-	proper	5	-	-	-	-	-
-	Tallgren	-	proper	?6	-	-	-	-	-
-	Talmadge	-	proper	8	-	-	-	-	-
-	Talvela	-	proper	13	-	-	-	-	-
-	Talvio	-	proper	3	-	-	-	-	-
-	Tammela	-	proper	13	-	-	-	-	-
-	Tammi	-	proper	7	-	-	-	-	-
-	Tamminen	-	proper	38	-	-	-	-	-
-	Tammjärv	-	proper	5	-	-	-	-	-
-	Tanaka	-	proper	13	-	-	-	-	-
-	Tandefelt	-	proper	5	-	-	-	-	-
-	Tanner	-	proper	6	-	-	-	-	-
-	Tanninen	-	proper	38	-	-	-	-	-
-	Tanskanen	-	proper	38	-	-	-	-	-
-	Tapaninen	-	proper	38	-	-	-	-	-
-	Tapio	-	proper	3	-	-	-	-	-
-	Tapola	-	proper	12	-	-	-	-	-
-	Tapper	-	proper	6	-	-	-	-	-
-	Tarasov	-	proper	5	-	-	-	-	-
-	Tarkiainen	-	proper	38	-	-	-	-	-
-	Tarkka	-	proper	9	kk:k	-	-	-	-
-	Tarkki	-	proper	5	kk:k	-	-	-	-
-	Tarkkinen	-	proper	38	-	-	-	-	-
-	Tarrant	-	proper	5	-	-	-	-	-
-	Tarvainen	-	proper	38	-	-	-	-	-
-	Taskila	-	proper	13	-	-	-	-	-
-	Taskinen	-	proper	38	-	-	-	-	-
-	Tatli	-	proper	5	-	-	-	-	-
-	Taube	-	proper	8	-	-	-	-	-
-	Tauriainen	-	proper	38	-	-	-	-	-
-	Tavares	-	proper	39	-	-	-	-	-
-	Tavernier	-	proper	22|5	-	-	-	-	-
-	Tavio	-	proper	3	-	-	-	-	-
-	Tawast	-	proper	5	-	-	-	-	-
-	Taylor	-	proper	6	-	-	-	-	-
-	Tegnér	-	proper	5	-	-	-	-	-
-	Teittinen	-	proper	38	-	-	-	-	-
-	Teivainen	-	proper	38	-	-	-	-	-
-	Teixeira	-	proper	?13|9	-	-	-	-	-
-	Tell	-	proper	5	-	-	-	-	-
-	Tella	-	proper	9	-	-	-	-	-
-	Tenhunen	-	proper	38	-	-	-	-	-
-	Tenkanen	-	proper	38	-	-	-	-	-
-	Tennilä	-	proper	12	-	-	-	-	-
-	Tepsa	-	proper	9	-	-	-	-	-
-	Terho	-	proper	1	-	-	-	-	-
-	Tervo	-	proper	1	-	-	-	-	-
-	Tervonen	-	proper	38	-	-	-	-	-
-	Teräväinen	-	proper	38	-	-	-	-	-
-	Testa	-	proper	9	-	-	-	-	-
-	Thatcher	-	proper	6	-	-	-	-	-
-	Theato	-	proper	1	-	-	-	-	-
-	Thelin	-	proper	5	-	-	-	-	-
-	Thesleff	-	proper	5	-	-	-	-	-
-	Thoma	-	proper	10	-	-	-	-	-
-	Thomas	-	proper	39	-	-	-	-	-
-	Thompson	-	proper	6	-	-	-	-	-
-	Thomsen	-	proper	?6	-	-	-	-	-
-	Thomson	-	proper	6	-	-	-	-	-
-	Thoresen	-	proper	?6	-	-	-	-	-
-	Thorne	-	proper	8	-	-	-	-	-
-	Thorén	-	proper	5	-	-	-	-	-
-	Thunberg	-	proper	5	-	-	-	-	-
-	Thyssen	-	proper	6	-	-	-	-	-
-	Tiainen	-	proper	38	-	-	-	-	-
-	Tigerstedt	-	proper	5	-	-	-	-	-
-	Tihilä	-	proper	12	-	-	-	-	-
-	Tihinen	-	proper	38	-	-	-	-	-
-	Tihonov	-	proper	5	-	-	-	-	-
-	Tiihonen	-	proper	38	-	-	-	-	-
-	Tiilikainen	-	proper	38	-	-	-	-	-
-	Tiitinen	-	proper	38	-	-	-	-	-
-	Tiitola	-	proper	12	-	-	-	-	-
-	Tikka	-	proper	9	kk:k	-	-	-	-
-	Tikkanen	-	proper	38	-	-	-	-	-
-	Tilli	-	proper	5	-	-	-	-	-
-	Timberlake	-	proper	8	-	-	-	-	-
-	Timonen	-	proper	38	-	-	-	-	-
-	Timtšenko	-	proper	1	-	-	-	-	-
-	Tirkkonen	-	proper	38	-	-	-	-	-
-	Tirronen	-	proper	38	-	-	-	-	-
-	Tissari	-	proper	6	-	-	-	-	-
-	Tissot	-	proper	22|†5	-	-	-	-	-
-	Todorov	-	proper	5	-	-	-	-	-
-	Toikka	-	proper	10	kk:k	-	-	-	-
-	Toivanen	-	proper	38	-	-	-	-	-
-	Toiviainen	-	proper	38	-	-	-	-	-
-	Toivola	-	proper	12	-	-	-	-	-
-	Toivonen	-	proper	38	-	-	-	-	-
-	Tokola	-	proper	12	-	-	-	-	-
-	Tolamo	-	proper	2	-	-	-	-	-
-	Tolkien	-	proper	5	-	-	-	-	-
-	Tollefsen	-	proper	?6	-	-	-	-	-
-	Tolonen	-	proper	38	-	-	-	-	-
-	Tolppanen	-	proper	38	-	-	-	-	-
-	Tolstoi	-	proper	18	-	-	-	-	-
-	Tolvanen	-	proper	38	-	-	-	-	-
-	Tomašević	-	proper	5	-	-	-	-	-
-	Tompuri	-	proper	?6	-	-	-	-	-
-	Tonteri	-	proper	?6	-	-	-	-	-
-	Topelius	-	proper	39	-	-	-	-	-
-	Topić	-	proper	5	-	-	-	-	-
-	Toppila	-	proper	13	-	-	-	-	-
-	Torikka	-	proper	14	kk:k	-	-	-	-
-	Toro	-	proper	1	-	-	-	-	-
-	Toropainen	-	proper	38	-	-	-	-	-
-	Torres	-	proper	39	-	-	-	-	-
-	Torvalds	-	proper	5	-	-	-	-	-
-	Torvinen	-	proper	38	-	-	-	-	-
-	Tossavainen	-	proper	38	-	-	-	-	-
-	Touhula	-	proper	12	-	-	-	-	-
-	Townsend	-	proper	5	-	-	-	-	-
-	Townshend	-	proper	5	-	-	-	-	-
-	Trier	-	proper	5	-	-	-	-	-
-	Trintignant	-	proper	5	-	-	-	-	-
-	Troil	-	proper	5	-	-	-	-	-
-	Trotski	-	proper	5	-	-	-	-	-
-	Trudeau	-	proper	21	-	-	-	-	-
-	Trueba	-	proper	9	-	-	-	-	-
-	Trujillo	-	proper	1	-	-	-	-	-
-	Trump	-	proper	5	-	-	-	-	-
-	Truss	-	proper	5	-	-	-	-	-
-	Tsatsos	-	proper	5|†39	-	-	-	-	-
-	Tsihanouskaja	-	proper	9	-	-	-	-	-
-	Tudor	-	proper	?6	-	-	-	-	-
-	Tuhkanen	-	proper	38	-	-	-	-	-
-	Tukiainen	-	proper	38	-	-	-	-	-
-	Tuokko	-	proper	1	kk:k	-	-	-	-
-	Tuokkola	-	proper	12	-	-	-	-	-
-	Tuomaala	-	proper	13	-	-	-	-	-
-	Tuomainen	-	proper	38	-	-	-	-	-
-	Tuomala	-	proper	12	-	-	-	-	-
-	Tuomela	-	proper	12	-	-	-	-	-
-	Tuomi	-	proper	25	-	-	-	-	-
-	Tuominen	-	proper	38	-	-	-	-	-
-	Tuomisto	-	proper	1	-	-	-	-	-
-	Tuomola	-	proper	12	-	-	-	-	-
-	Tuompo	-	proper	1	-	-	-	-	-
-	Tuononen	-	proper	38	-	-	-	-	-
-	Tuorila	-	proper	13	-	-	-	-	-
-	Tuovila	-	proper	13	-	-	-	-	-
-	Tuovinen	-	proper	38	-	-	-	-	-
-	Tuppurainen	-	proper	38	-	-	-	-	-
-	Turakainen	-	proper	38	-	-	-	-	-
-	Turing	-	proper	5	-	-	-	-	-
-	Turja	-	proper	10	-	-	-	-	-
-	Turkia	-	proper	12	-	-	-	-	-
-	Turkka	-	proper	10	kk:k	-	-	-	-
-	Turkki	-	proper	5	kk:k	-	-	-	-
-	Turkkila	-	proper	13	-	-	-	-	-
-	Turner	-	proper	6	-	-	-	-	-
-	Turpeinen	-	proper	38	-	-	-	-	-
-	Turtiainen	-	proper	38	-	-	-	-	-
-	Turunen	-	proper	38	-	-	-	-	-
-	Tusk	-	proper	5	-	-	-	-	-
-	Tuulola	-	proper	12|10	-	-	-	-	-
-	Tuulos	-	proper	39	-	-	-	-	-
-	Twain	-	proper	5	-	-	-	-	-
-	Tyldum	-	proper	5	-	-	-	-	-
-	Tyler	-	proper	6	-	-	-	-	-
-	Tymošenko	-	proper	1	-	-	-	-	-
-	Tyni	-	proper	5	-	-	-	-	-
-	Tynkkynen	-	proper	38	-	-	-	-	-
-	Tyrväinen	-	proper	38	-	-	-	-	-
-	Tyson	-	proper	?6	-	-	-	-	-
-	Tähti	-	proper	5	-	-	-	-	-
-	Tähtinen	-	proper	38	-	-	-	-	-
-	Tänak	-	proper	5	-	-	-	-	-
-	Tóth	-	proper	5	-	-	-	-	-
-	Tölli	-	proper	5	-	-	-	-	-
-	Törhönen	-	proper	38	-	-	-	-	-
-	Törmänen	-	proper	38	-	-	-	-	-
-	Törne	-	proper	8	-	-	-	-	-
-	Törnqvist	-	proper	5	-	-	-	-	-
-	Török	-	proper	5	-	-	-	-	-
-	Tšaikovski	-	proper	5	-	-	-	-	-
-	Tšehov	-	proper	5	-	-	-	-	-
-	Ueda	-	proper	9	-	-	-	-	-
-	Uggla	-	proper	10	-	-	-	-	-
-	Uimonen	-	proper	38	-	-	-	-	-
-	Ukkola	-	proper	12	-	-	-	-	-
-	Ukkonen	-	proper	38	-	-	-	-	-
-	Unger	-	proper	6	-	-	-	-	-
-	Ungureanu	-	proper	1	-	-	-	-	-
-	Unterweger	-	proper	6	-	-	-	-	-
-	Uosukainen	-	proper	38	-	-	-	-	-
-	Uotila	-	proper	12	-	-	-	-	-
-	Uotinen	-	proper	38	-	-	-	-	-
-	Urpilainen	-	proper	38	-	-	-	-	-
-	Uspenski	-	proper	5	-	-	-	-	-
-	Ustjugov	-	proper	5	-	-	-	-	-
-	Utriainen	-	proper	38	-	-	-	-	-
-	Utrio	-	proper	3	-	-	-	-	-
-	Utunen	-	proper	38	-	-	-	-	-
-	Uutela	-	proper	12	-	-	-	-	-
-	Vaara	-	proper	9	-	-	-	-	-
-	Vahtera	-	proper	13	-	-	-	-	-
-	Vainikainen	-	proper	38	-	-	-	-	-
-	Vainikka	-	proper	14	kk:k	-	-	-	-
-	Vainio	-	proper	3	-	-	-	-	-
-	Vaittinen	-	proper	38	-	-	-	-	-
-	Vakkala	-	proper	12	-	-	-	-	-
-	Vakkuri	-	proper	6	-	-	-	-	-
-	Vala	-	proper	9	-	-	-	-	-
-	Valencic	-	proper	5	-	-	-	-	-
-	Valentine	-	proper	8	-	-	-	-	-
-	Valenčič	-	proper	5	-	-	-	-	-
-	Valijeva	-	proper	9	-	-	-	-	-
-	Valjakka	-	proper	14	kk:k	-	-	-	-
-	Valjakkala	-	proper	12	-	-	-	-	-
-	Valkama	-	proper	10	-	-	-	-	-
-	Valkonen	-	proper	38	-	-	-	-	-
-	Valle	-	proper	8	-	-	-	-	-
-	Valli	-	proper	5	-	-	-	-	-
-	Valo	-	proper	1	-	-	-	-	-
-	Valonen	-	proper	38	-	-	-	-	-
-	Valtanen	-	proper	38	-	-	-	-	-
-	Valtonen	-	proper	38	-	-	-	-	-
-	Vandernotte	-	proper	8	-	-	-	-	-
-	Vanhala	-	proper	12	-	-	-	-	-
-	Vanhanen	-	proper	38	-	-	-	-	-
-	Vanne	-	proper	8	-	-	-	-	-
-	Vanninen	-	proper	38	-	-	-	-	-
-	Varga	-	proper	9	-	-	-	-	-
-	Varila	-	proper	13	-	-	-	-	-
-	Varis	-	proper	39	-	-	-	-	-
-	Varjonen	-	proper	38	-	-	-	-	-
-	Vartia	-	proper	12	-	-	-	-	-
-	Vartiainen	-	proper	38	-	-	-	-	-
-	Vasala	-	proper	12	-	-	-	-	-
-	Vasama	-	proper	10	-	-	-	-	-
-	Vasiljev	-	proper	5	-	-	-	-	-
-	Vatanen	-	proper	38	-	-	-	-	-
-	Vauhkonen	-	proper	38	-	-	-	-	-
-	Vega	-	proper	9	-	-	-	-	-
-	Vehko	-	proper	1	-	-	-	-	-
-	Vehkonen	-	proper	38	-	-	-	-	-
-	Vehmanen	-	proper	38	-	-	-	-	-
-	Vehviläinen	-	proper	38	-	-	-	-	-
-	Veijalainen	-	proper	38	-	-	-	-	-
-	Veikkola	-	proper	12|10	-	-	-	-	-
-	Vennamo	-	proper	2	-	-	-	-	-
-	Ventelä	-	proper	12	-	-	-	-	-
-	Ventura	-	proper	10	-	-	-	-	-
-	Venäläinen	-	proper	38	-	-	-	-	-
-	Vepsä	-	proper	10	-	-	-	-	-
-	Vepsäläinen	-	proper	38	-	-	-	-	-
-	Verbeek	-	proper	5	-	-	-	-	-
-	Verdi	-	proper	5	-	-	-	-	-
-	Verheijen	-	proper	?6	-	-	-	-	-
-	Verheugen	-	proper	?6	-	-	-	-	-
-	Verhoeven	-	proper	?6	-	-	-	-	-
-	Vermeer	-	proper	5	-	-	-	-	-
-	Vernet	-	proper	22|†5	-	-	-	-	-
-	Vernon	-	proper	6	-	-	-	-	-
-	Verrasztó	-	proper	1|21	-	-	-	-	-
-	Versluis	-	proper	5	-	-	-	-	-
-	Verstappen	-	proper	?6	-	-	-	-	-
-	Vesa	-	proper	9	-	-	-	-	-
-	Vesala	-	proper	12	-	-	-	-	-
-	Vesalainen	-	proper	38	-	-	-	-	-
-	Vesanen	-	proper	38	-	-	-	-	-
-	Veselý	-	proper	21|1	-	-	-	-	-
-	Vesterbacka	-	proper	9	-	-	-	-	-
-	Vesterinen	-	proper	38	-	-	-	-	-
-	Vestman	-	proper	?6	-	-	-	-	-
-	Vettel	-	proper	?6	-	-	-	-	-
-	Vickers	-	proper	5	-	-	-	-	-
-	Vidal	-	proper	?6	-	-	-	-	-
-	Vidmar	-	proper	?6	-	-	-	-	-
-	Vierikko	-	proper	4	kk:k	-	-	-	-
-	Vierunen	-	proper	38	-	-	-	-	-
-	Vigelius	-	proper	39	-	-	-	-	-
-	Vihavainen	-	proper	38	-	-	-	-	-
-	Vihma	-	proper	9	-	-	-	-	-
-	Viiding	-	proper	5	-	-	-	-	-
-	Viinanen	-	proper	38	-	-	-	-	-
-	Viinikainen	-	proper	38	-	-	-	-	-
-	Viita	-	proper	9	-	-	-	-	-
-	Viitala	-	proper	12	-	-	-	-	-
-	Viitanen	-	proper	38	-	-	-	-	-
-	Vik	-	proper	5	-	-	-	-	-
-	Vikainen	-	proper	38	-	-	-	-	-
-	Vikman	-	proper	5	-	-	-	-	-
-	Vikström	-	proper	5	-	-	-	-	-
-	Vilander	-	proper	6	-	-	-	-	-
-	Vilhjálmsson	-	proper	5	-	-	-	-	-
-	Vilhula	-	proper	12	-	-	-	-	-
-	Viljakainen	-	proper	38	-	-	-	-	-
-	Viljanen	-	proper	38	-	-	-	-	-
-	Villeneuve	-	proper	8	-	-	-	-	-
-	Villota	-	proper	10	-	-	-	-	-
-	Vilén	-	proper	5	-	-	-	-	-
-	Vinci	-	proper	5	-	-	-	-	-
-	Virkkunen	-	proper	38	-	-	-	-	-
-	Virolainen	-	proper	38	-	-	-	-	-
-	Virta	-	proper	9	rt:rr	-	-	-	-
-	Virtanen	-	proper	38	-	-	-	-	-
-	Virén	-	proper	6	-	-	-	-	-
-	Viskari	-	proper	?6	-	-	-	-	-
-	Visser	-	proper	6	-	-	-	-	-
-	Vitali	-	proper	?6	-	-	-	-	-
-	Vives	-	proper	39	-	-	-	-	-
-	Viviani	-	proper	5	-	-	-	-	-
-	Vlad	-	proper	5	-	-	-	-	-
-	Vlasov	-	proper	5	-	-	-	-	-
-	Vogel	-	proper	?6	-	-	-	-	-
-	Voggenhuber	-	proper	?6	-	-	-	-	-
-	Voigt	-	proper	5	-	-	-	-	-
-	Volanen	-	proper	38	-	-	-	-	-
-	Volkov	-	proper	5	-	-	-	-	-
-	Volotinen	-	proper	38	-	-	-	-	-
-	Voltaire	-	proper	8	-	-	-	-	-
-	Vornanen	-	proper	38	-	-	-	-	-
-	Vorobjov	-	proper	5	-	-	-	-	-
-	Voss	-	proper	5	-	-	-	-	-
-	Voutilainen	-	proper	38	-	-	-	-	-
-	Vries	-	proper	5	-	-	-	-	-
-	Vuorela	-	proper	12	-	-	-	-	-
-	Vuorelma	-	proper	9	-	-	-	-	-
-	Vuori	-	proper	26|5	-	-	-	-	-
-	Vuoriainen	-	proper	38	-	-	-	-	-
-	Vuorinen	-	proper	38	-	-	-	-	-
-	Vuorio	-	proper	3	-	-	-	-	-
-	Vuoristo	-	proper	1	-	-	-	-	-
-	Vučić	-	proper	5	-	-	-	-	-
-	Vázquez	-	proper	5	-	-	-	-	-
-	Väisälä	-	proper	12	-	-	-	-	-
-	Väisänen	-	proper	38	-	-	-	-	-
-	Välkki	-	proper	5	kk:k	-	-	-	-
-	Vänskä	-	proper	10	-	-	-	-	-
-	Vänttinen	-	proper	38	-	-	-	-	-
-	Väre	-	proper	8	-	-	-	-	-
-	Väyrynen	-	proper	38	-	-	-	-	-
-	Väänänen	-	proper	38	-	-	-	-	-
-	Väätäinen	-	proper	38	-	-	-	-	-
-	Wackström	-	proper	5	-	-	-	-	-
-	Wagenknecht	-	proper	5	-	-	-	-	-
-	Wagner	-	proper	6	-	-	-	-	-
-	Wahlman	-	proper	5	-	-	-	-	-
-	Wahlroos	-	proper	5	-	-	-	-	-
-	Wahlström	-	proper	6	-	-	-	-	-
-	Waidacher	-	proper	6	-	-	-	-	-
-	Walker	-	proper	6	-	-	-	-	-
-	Wall	-	proper	5	-	-	-	-	-
-	Wallace	-	proper	8	-	-	-	-	-
-	Wallenius	-	proper	39	-	-	-	-	-
-	Wallin	-	proper	5	-	-	-	-	-
-	Wallis	-	proper	39	-	-	-	-	-
-	Wallström	-	proper	5	-	-	-	-	-
-	Wallén	-	proper	5	-	-	-	-	-
-	Walsh	-	proper	5	-	-	-	-	-
-	Waltari	-	proper	6	-	-	-	-	-
-	Walter	-	proper	6	-	-	-	-	-
-	Wang	-	proper	5	-	-	-	-	-
-	Ward	-	proper	5	-	-	-	-	-
-	Warhol	-	proper	6	-	-	-	-	-
-	Warner	-	proper	6	-	-	-	-	-
-	Wasastjerna	-	proper	9	-	-	-	-	-
-	Wasenius	-	proper	39	-	-	-	-	-
-	Washington	-	proper	6	-	-	-	-	-
-	Watanabe	-	proper	8	-	-	-	-	-
-	Watson	-	proper	6	-	-	-	-	-
-	Watt	-	proper	5	-	-	-	-	-
-	Weasley	-	proper	21	-	front|back	i|y	-	-
-	Webb	-	proper	5	-	-	-	-	-
-	Webber	-	proper	?6	-	-	-	-	-
-	Weber	-	proper	6	-	-	-	-	-
-	Weckman	-	proper	5	-	-	-	-	-
-	Wecksten	-	proper	?6	-	-	-	-	-
-	Weckström	-	proper	5	-	-	-	-	-
-	Wegelius	-	proper	39	-	-	-	-	-
-	Weinstein	-	proper	5	-	-	-	-	-
-	Weir	-	proper	5	-	-	-	-	-
-	Weiss	-	proper	5	-	-	-	-	-
-	Wells	-	proper	5	-	-	-	-	-
-	Wendt	-	proper	5	-	-	-	-	-
-	Weng	-	proper	5	-	-	-	-	-
-	Wergeland	-	proper	5	-	-	-	-	-
-	Werner	-	proper	6	-	-	-	-	-
-	Wesley	-	proper	21	-	front	i|y	-	-
-	West	-	proper	5	-	-	-	-	-
-	Westbrook	-	proper	5	-	-	-	-	-
-	Westerholm	-	proper	5	-	-	-	-	-
-	Westerlund	-	proper	5	-	-	-	-	-
-	Westman	-	proper	5	-	-	-	-	-
-	Westö	-	proper	21|†1	-	-	-	-	-
-	Wetterström	-	proper	5	-	-	-	-	-
-	Wheeler	-	proper	?6	-	-	-	-	-
-	White	-	proper	8	-	-	-	-	-
-	Whitehead	-	proper	5	-	-	-	-	-
-	Whitlock	-	proper	5	-	-	-	-	-
-	Widmer	-	proper	6	-	-	-	-	-
-	Wieselgren	-	proper	?6	-	-	-	-	-
-	Wiik	-	proper	5	-	-	-	-	-
-	Wikberg	-	proper	5	-	-	-	-	-
-	Wiklund	-	proper	5	-	-	-	-	-
-	Wikström	-	proper	5	-	-	-	-	-
-	Wilde	-	proper	8	-	-	-	-	-
-	Willamo	-	proper	2	-	-	-	-	-
-	Willberg	-	proper	5	-	-	-	-	-
-	Willebrand	-	proper	5	-	-	-	-	-
-	Willems	-	proper	5	-	-	-	-	-
-	Williams	-	proper	5	-	-	-	-	-
-	Williamson	-	proper	?6	-	-	-	-	-
-	Willow	-	proper	22|†5	-	-	u	-	-
-	Wilska	-	proper	9	-	-	-	-	-
-	Wilson	-	proper	6	-	-	-	-	-
-	Windsor	-	proper	6	-	-	-	-	-
-	Winge	-	proper	8	-	-	-	-	-
-	Winkelhock	-	proper	5	-	-	-	-	-
-	Winkler	-	proper	6	-	-	-	-	-
-	Winslet	-	proper	5	-	-	-	-	-
-	Winston	-	proper	?6	-	-	-	-	-
-	Winter	-	proper	6	-	-	-	-	-
-	Wirkkala	-	proper	12	-	-	-	-	-
-	Wirtanen	-	proper	38	-	-	-	-	-
-	Wittgenstein	-	proper	5	-	-	-	-	-
-	Wogau	-	proper	21	-	-	-	-	-
-	Wolf	-	proper	5	-	-	-	-	-
-	Wolfe	-	proper	8	-	-	-	-	-
-	Wolff	-	proper	5	-	-	-	-	-
-	Wolski	-	proper	5	-	-	-	-	-
-	Wong	-	proper	5	-	-	-	-	-
-	Wood	-	proper	5	-	-	-	-	-
-	Wrede	-	proper	8	-	-	-	-	-
-	Wright	-	proper	5	-	-	-	-	-
-	Wu	-	proper	21	-	-	-	-	-
-	Wärnhjelm	-	proper	5	-	-	-	-	-
-	Xi	-	proper	18	-	-	-	-	-
-	Xu	-	proper	21	-	-	-	-	-
-	Yamada	-	proper	12	-	-	-	-	-
-	Yamaguchi	-	proper	5	-	-	-	-	-
-	Yamamoto	-	proper	1	-	-	-	-	-
-	Yamanaka	-	proper	9	-	-	-	-	-
-	Yamashita	-	proper	9	-	-	-	-	-
-	Yamazaki	-	proper	5	-	-	-	-	-
-	Yanar	-	proper	6	-	-	-	-	-
-	Yang	-	proper	5	-	-	-	-	-
-	Ylander	-	proper	6	-	-	-	-	-
-	Ylinen	-	proper	38	-	-	-	-	-
-	Ylppö	-	proper	1	pp:p	-	-	-	-
-	Ylönen	-	proper	38	-	-	-	-	-
-	Yoshida	-	proper	9	-	-	-	-	-
-	Yoshikawa	-	proper	9	-	-	-	-	-
-	Young	-	proper	5	-	-	-	-	-
-	Yrjölä	-	proper	12	-	-	-	-	-
-	Zaharov	-	proper	5	-	-	-	-	-
-	Zaharova	-	proper	10	-	-	-	-	-
-	Zana	-	proper	9	-	-	-	-	-
-	Zappa	-	proper	9	pp:p	-	-	-	-
-	Zelenski	-	proper	5	-	-	-	nstd	1.000
-	Zelensky	-	proper	1	-	-	-	nstd	1.000
-	Zelenskyi	-	proper	18|5	-	-	-	-	-
-	Zetterberg	-	proper	5	-	-	-	-	-
-	Zhang	-	proper	5	-	-	-	-	-
-	Zhao	-	proper	1	-	-	-	-	-
-	Zhou	-	proper	21	-	-	-	-	-
-	Zhu	-	proper	21	-	-	-	-	-
-	Zidane	-	proper	8	-	-	-	-	-
-	Ziegler	-	proper	6	-	-	-	-	-
-	Zieliński	-	proper	5	-	-	-	-	-
-	Zilliacus	-	proper	39	-	-	-	-	-
-	Zimmermann	-	proper	5	-	-	-	-	-
-	Zorzi	-	proper	5	-	-	-	-	-
-	Zuckerberg	-	proper	5	-	-	-	-	-
-	Zurbriggen	-	proper	?6	-	-	-	-	-
-	Zuroff	-	proper	5	-	-	-	-	-
-	d’Abo	-	proper	1	-	-	-	-	-
-	d’Estaing	-	proper	5	-	-	-	-	-
-	Álvarez	-	proper	5	-	-	-	-	-
-	Árnadóttir	-	proper	5	-	-	-	-	-
-	Äijälä	-	proper	12	-	-	-	-	-
-	Ämmälä	-	proper	12	-	-	-	-	-
-	Åberg	-	proper	5	-	-	-	-	-
-	Ågren	-	proper	?6	-	-	-	-	-
-	Åhlén	-	proper	5	-	-	-	-	-
-	Åkerfelt	-	proper	5	-	-	-	-	-
-	Åkerhielm	-	proper	5	-	-	-	-	-
-	Åkerlund	-	proper	5	-	-	-	-	-
-	Åkerman	-	proper	5	-	-	-	-	-
-	Åkesson	-	proper	6	-	-	-	-	-
-	Åsbrink	-	proper	5	-	-	-	-	-
-	Åström	-	proper	5	-	-	-	-	-
-	Ólafsson	-	proper	5	-	-	-	-	-
-	Öberg	-	proper	5	-	-	-	-	-
-	Öhman	-	proper	5	-	-	-	-	-
-	Örn	-	proper	5	-	-	-	-	-
-	Östberg	-	proper	5	-	-	-	-	-
-	Österberg	-	proper	5	-	-	-	-	-
-	Östlund	-	proper	5	-	-	-	-	-
-	Östman	-	proper	5	-	-	-	-	-
-	Övermark	-	proper	5	-	-	-	-	-
-	Ødegaard	-	proper	5	-	-	-	-	-
-	Þórðarson	-	proper	?6	-	-	-	-	-
-	Čaputová	-	proper	21	-	-	-	-	-
-	Černý	-	proper	1|21	-	-	-	-	-
-	Đorđević	-	proper	5	-	-	-	-	-
-	Ōe	-	proper	8	-	-	-	-	-
-	Ōno	-	proper	1	-	-	-	-	-
-	Ōta	-	proper	10	-	-	-	-	-
-	Ōtsuka	-	proper	10	-	-	-	-	-
-	Ševtšenko	-	proper	1	-	-	-	-	-
-	Štěpánek	-	proper	5	-	-	-	-	-
-	Šuvalov	-	proper	5	-	-	-	-	-
-	Ahsen-Böre	-	proper	8	-	-	-	-	-
-	Antti-Roiko	-	proper	1	-	-	-	-	-
-	Bachleda-Curuś	-	proper	5	-	-	-	-	-
-	Cohn-Bend	-	proper	5	-	-	-	-	-
-	Gallen-Kallela	-	proper	13	-	-	-	-	-
-	Gallén-Kallela	-	proper	12	-	-	-	-	-
-	Halla-aho	-	proper	1	-	-	-	-	-
-	Hämeen-Anttila	-	proper	12	-	-	-	-	-
-	Koiso-Kanttila	-	proper	13	-	-	-	-	-
-	Kumpula-Natri	-	proper	5	-	-	-	-	-
-	Kurki-Suonio	-	proper	3	-	-	-	-	-
-	Luoma-aho	-	proper	1	-	-	-	-	-
-	Maij-Weggen	-	proper	?6	-	-	-	-	-
-	Niemi-Nikkola	-	proper	12|10	-	-	-	-	-
-	Randzio-Plath	-	proper	5	-	-	-	-	-
-	Rees-Mogg	-	proper	5	-	-	-	-	-
-	Roth-Behrendt	-	proper	5	-	-	-	-	-
-	Slunga-Poutsalo	-	proper	2	-	-	-	-	-
-	Yli-Viikari	-	proper	6	-	-	-	-	-
-	al-Assad	-	proper	5	-	-	-	-	-
-	al-Bashir	-	proper	6	-	-	-	-	-
-	al-Taee	-	proper	18	-	-	-	-	-
-	Aarni|vala	-	proper	9	-	-	-	-	-
-	Aho|niemi	-	proper	25	-	-	-	-	-
-	Aho|pelto	-	proper	1	lt:ll	-	-	-	-
-	Ahti|saari	-	proper	26	-	-	-	-	-
-	Aita|murto	-	proper	1	rt:rr	-	-	-	-
-	Ala|saari	-	proper	26	-	-	-	-	-
-	Ala|suutari	-	proper	6	-	-	-	-	-
-	Ala|talo	-	proper	1	-	-	-	-	-
-	Ali|talo	-	proper	1	-	-	-	-	-
-	Anger|koski	-	proper	7	-	-	-	-	-
-	Apaja|lahti	-	proper	7	t:d	-	-	-	-
-	Ara|juuri	-	proper	26	-	-	-	-	-
-	Arhin|mäki	-	proper	7	k:	-	-	-	-
-	Elo|maa	-	proper	18	-	-	-	-	-
-	Elo|ranta	-	proper	9	nt:nn	-	-	-	-
-	Elo|rinne	-	proper	48	nt:nn	-	-	-	-
-	Elo|vaara	-	proper	9	-	-	-	-	-
-	Erkin|heimo	-	proper	1	-	-	-	-	-
-	Etelä|pää	-	proper	18	-	-	-	-	-
-	Haahden|maa	-	proper	18	-	-	-	-	-
-	Haan|pää	-	proper	18	-	-	-	-	-
-	Haapa|koski	-	proper	7	-	-	-	-	-
-	Haapa|mäki	-	proper	7	k:	-	-	-	-
-	Haapa|niemi	-	proper	25	-	-	-	-	-
-	Haapa|salmi	-	proper	7	-	-	-	-	-
-	Haapa|salo	-	proper	1	-	-	-	-	-
-	Haap|oja	-	proper	10	-	-	-	-	-
-	Hakan|pää	-	proper	18	-	-	-	-	-
-	Haka|salo	-	proper	1	-	-	-	-	-
-	Halmet|oja	-	proper	10	-	-	-	-	-
-	Hatan|pää	-	proper	18	-	-	-	-	-
-	Hauta|mäki	-	proper	7	k:	-	-	-	-
-	Hauta|niemi	-	proper	25	-	-	-	-	-
-	Hauto|järvi	-	proper	7	-	-	-	-	-
-	Havu|linna	-	proper	9	-	-	-	-	-
-	Havu|mäki	-	proper	7	k:	-	-	-	-
-	Heikin|aho	-	proper	1	-	-	-	-	-
-	Heikin|heimo	-	proper	1	-	-	-	-	-
-	Heikki|niemi	-	proper	25	-	-	-	-	-
-	Heinä|luoma	-	proper	10	-	-	-	-	-
-	Helis|maa	-	proper	18	-	-	-	-	-
-	Heliö|vaara	-	proper	9	-	-	-	-	-
-	Hepo|rauta	-	proper	9	t:d	-	-	-	-
-	Hete|mäki	-	proper	7	k:	-	-	-	-
-	Hieta|lahti	-	proper	7	t:d	-	-	-	-
-	Hieta|mies	-	proper	42	-	-	-	-	-
-	Hieta|mäki	-	proper	7	k:	-	-	-	-
-	Hieta|niemi	-	proper	25	-	-	-	-	-
-	Hirsi|mäki	-	proper	7	k:	-	-	-	-
-	Hirs|järvi	-	proper	7	-	-	-	-	-
-	Hirvi|kallio	-	proper	3	-	-	-	-	-
-	Honka|salo	-	proper	1	-	-	-	-	-
-	Honka|vaara	-	proper	9	-	-	-	-	-
-	Huhta|mäki	-	proper	7	k:	-	-	-	-
-	Huhta|saari	-	proper	26	-	-	-	-	-
-	Hurme|rinta	-	proper	9	nt:nn	-	-	-	-
-	Häkä|mies	-	proper	42	-	-	-	-	-
-	Hämeen|niemi	-	proper	25	-	-	-	-	-
-	Häme|ranta	-	proper	9	nt:nn	-	-	-	-
-	Höykin|puro	-	proper	1	-	-	-	-	-
-	Iha|mäki	-	proper	7	k:	-	-	-	-
-	Ikä|valko	-	proper	1	-	-	-	-	-
-	Ilo|mäki	-	proper	7	k:	-	-	-	-
-	Iso|metsä	-	proper	10	-	-	-	-	-
-	Iso|mäki	-	proper	7	k:	-	-	-	-
-	Iso|saari	-	proper	26	-	-	-	-	-
-	Iso|talo	-	proper	1	-	-	-	-	-
-	Jaakon|saari	-	proper	26	-	-	-	-	-
-	Jauho|järvi	-	proper	7	-	-	-	-	-
-	Joen|suu	-	proper	18	-	-	-	-	-
-	Joki|aho	-	proper	1	-	-	-	-	-
-	Joki|niemi	-	proper	25	-	-	-	-	-
-	Joki|sipilä	-	proper	12	-	-	-	-	-
-	Joki|varsi	-	proper	28	rt:rr	-	-	-	-
-	Juu|järvi	-	proper	7	-	-	-	-	-
-	Järven|pää	-	proper	18	-	-	-	-	-
-	Järven|taus	-	proper	39	-	-	-	-	-
-	Järvi|lehto	-	proper	1	t:d	-	-	-	-
-	Jäätteen|mäki	-	proper	7	k:	-	-	-	-
-	Kallio|koski	-	proper	7	-	-	-	-	-
-	Kallio|maa	-	proper	18	-	-	-	-	-
-	Kallio|mäki	-	proper	7	k:	-	-	-	-
-	Kallio|niemi	-	proper	25	-	-	-	-	-
-	Kangas|maa	-	proper	18	-	-	-	-	-
-	Kangas|niemi	-	proper	25	-	-	-	-	-
-	Kankaan|niemi	-	proper	25	-	-	-	-	-
-	Kankaan|pää	-	proper	18	-	-	-	-	-
-	Kankaan|ranta	-	proper	9	nt:nn	-	-	-	-
-	Kanto|korpi	-	proper	7	p:v	-	-	-	-
-	Karhu|mäki	-	proper	7	k:	-	-	-	-
-	Kataja|mäki	-	proper	7	k:	-	-	-	-
-	Kauko|ranta	-	proper	9	nt:nn	-	-	-	-
-	Kauris|mäki	-	proper	7	k:	-	-	-	-
-	Keski|narkaus	-	proper	39|40	-	-	-	-	-
-	Keski|talo	-	proper	1	-	-	-	-	-
-	Kirves|niemi	-	proper	25	-	-	-	-	-
-	Kivi|aho	-	proper	1	-	-	-	-	-
-	Kivi|harju	-	proper	1	-	-	-	-	-
-	Kivi|järvi	-	proper	7	-	-	-	-	-
-	Kivi|koski	-	proper	7	-	-	-	-	-
-	Kivi|lahti	-	proper	7	t:d	-	-	-	-
-	Kivi|linna	-	proper	9	-	-	-	-	-
-	Kivi|mäki	-	proper	7	k:	-	-	-	-
-	Kivi|niemi	-	proper	25	-	-	-	-	-
-	Kivi|oja	-	proper	10	-	-	-	-	-
-	Kivi|pelto	-	proper	1	lt:ll	-	-	-	-
-	Kivi|ranta	-	proper	9	nt:nn	-	-	-	-
-	Kivi|rinta	-	proper	9	nt:nn	-	-	-	-
-	Koivu|mäki	-	proper	7	k:	-	-	-	-
-	Koivu|niemi	-	proper	25	-	-	-	-	-
-	Koivu|ranta	-	proper	9	nt:nn	-	-	-	-
-	Koivu|salo	-	proper	1	-	-	-	-	-
-	Kojon|koski	-	proper	7	-	-	-	-	-
-	Korkia|koski	-	proper	7	-	-	-	-	-
-	Kosken|niemi	-	proper	25	-	-	-	-	-
-	Koski|maa	-	proper	18	-	-	-	-	-
-	Koski|mies	-	proper	42	-	-	-	-	-
-	Kota|mäki	-	proper	7	k:	-	-	-	-
-	Kujan|pää	-	proper	18	-	-	-	-	-
-	Kujan|suu	-	proper	18	-	-	-	-	-
-	Kuusi|niemi	-	proper	25	-	-	-	-	-
-	Kuus|niemi	-	proper	25	-	-	-	-	-
-	Kytö|mäki	-	proper	7	k:	-	-	-	-
-	Kytö|salmi	-	proper	7	-	-	-	-	-
-	Lehko|suo	-	proper	19	-	-	-	-	-
-	Lehti|mäki	-	proper	7	k:	-	-	-	-
-	Lehti|puu	-	proper	18	-	-	-	-	-
-	Lehto|ranta	-	proper	9	nt:nn	-	-	-	-
-	Lehto|vaara	-	proper	9	-	-	-	-	-
-	Leppi|lampi	-	proper	7	mp:mm	-	-	-	-
-	Linnain|maa	-	proper	18	-	-	-	-	-
-	Lohi|koski	-	proper	7	-	-	-	-	-
-	Louhi|vuori	-	proper	26	-	-	-	-	-
-	Lähdes|mäki	-	proper	7	k:	-	-	-	-
-	Lähteen|mäki	-	proper	7	k:	-	-	-	-
-	Länsi|vuori	-	proper	26	-	-	-	-	-
-	Madet|oja	-	proper	10	-	-	-	-	-
-	Malmi|vaara	-	proper	9	-	-	-	-	-
-	Marja|mäki	-	proper	7	k:	-	-	-	-
-	Mehtä|talo	-	proper	1	-	-	-	-	-
-	Melas|niemi	-	proper	25	-	-	-	-	-
-	Meri|kallio	-	proper	3	-	-	-	-	-
-	Meri|kanto	-	proper	1	nt:nn	-	-	-	-
-	Meri|lahti	-	proper	7	t:d	-	-	-	-
-	Meri|luoto	-	proper	1	t:d	-	-	-	-
-	Metsä|keto	-	proper	1	t:d	-	-	-	-
-	Musta|kallio	-	proper	3	-	-	-	-	-
-	Mylly|koski	-	proper	7	-	-	-	-	-
-	Mylly|mäki	-	proper	7	k:	-	-	-	-
-	Mylly|niemi	-	proper	25	-	-	-	-	-
-	Mäen|alanen	-	proper	38	-	-	-	-	-
-	Mäen|pää	-	proper	18	-	-	-	-	-
-	Mäki|pää	-	proper	18	-	-	-	-	-
-	Mäki|talo	-	proper	1	-	-	-	-	-
-	Mänty|maa	-	proper	18	-	-	-	-	-
-	Nevan|linna	-	proper	9	-	-	-	-	-
-	Niini|koski	-	proper	7	-	-	-	-	-
-	Niini|luoto	-	proper	1	t:d	-	-	-	-
-	Niini|mäki	-	proper	7	k:	-	-	-	-
-	Niitty|mäki	-	proper	7	k:	-	-	-	-
-	Näkkälä|järvi	-	proper	7	-	-	-	-	-
-	Ohi|salo	-	proper	1	-	-	-	-	-
-	Ohta|maa	-	proper	18	-	-	-	-	-
-	Ojan|perä	-	proper	10	-	-	-	-	-
-	Ojan|sivu	-	proper	1	-	-	-	-	-
-	Oja|niemi	-	proper	25	-	-	-	-	-
-	Olki|nuora	-	proper	10	-	-	-	-	-
-	Orren|maa	-	proper	18	-	-	-	-	-
-	Paasi|linna	-	proper	9	-	-	-	-	-
-	Pala|maa	-	proper	18	-	-	-	-	-
-	Palo|heimo	-	proper	1	-	-	-	-	-
-	Palo|mäki	-	proper	7	k:	-	-	-	-
-	Palo|saari	-	proper	26	-	-	-	-	-
-	Pelto|kangas	-	proper	41	nk:ng	-	-	-	-
-	Pelto|maa	-	proper	18	-	-	-	-	-
-	Pelto|mäki	-	proper	7	k:	-	-	-	-
-	Pelto|niemi	-	proper	25	-	-	-	-	-
-	Peran|koski	-	proper	7	-	-	-	-	-
-	Pihlaja|mäki	-	proper	7	k:	-	-	-	-
-	Pihla|koski	-	proper	7	-	-	-	-	-
-	Pikku|jämsä	-	proper	10	-	-	-	-	-
-	Pitkä|mäki	-	proper	7	k:	-	-	-	-
-	Pohjan|heimo	-	proper	1	-	-	-	-	-
-	Pohjan|palo	-	proper	1	-	-	-	-	-
-	Pulju|järvi	-	proper	7	-	-	-	-	-
-	Päivä|rinta	-	proper	9	nt:nn	-	-	-	-
-	Pärmä|koski	-	proper	7	-	-	-	-	-
-	Raja|mäki	-	proper	7	k:	-	-	-	-
-	Raja|niemi	-	proper	25	-	-	-	-	-
-	Ranta|mäki	-	proper	7	k:	-	-	-	-
-	Rauta|palo	-	proper	1	-	-	-	-	-
-	Rauta|vaara	-	proper	9	-	-	-	-	-
-	Riihi|mäki	-	proper	7	k:	-	-	-	-
-	Rinta|mäki	-	proper	7	k:	-	-	-	-
-	Risti|mäki	-	proper	7	k:	-	-	-	-
-	Rovan|perä	-	proper	10	-	-	-	-	-
-	Ruot|salo	-	proper	1	-	-	-	-	-
-	Ruusu|vuori	-	proper	26	-	-	-	-	-
-	Saaren|pää	-	proper	18	-	-	-	-	-
-	Saari|aho	-	proper	1	-	-	-	-	-
-	Saari|kivi	-	proper	7	-	-	-	-	-
-	Saari|koski	-	proper	7	-	-	-	-	-
-	Saijon|maa	-	proper	18	-	-	-	-	-
-	Salo|maa	-	proper	18	-	-	-	-	-
-	Salo|ranta	-	proper	9	nt:nn	-	-	-	-
-	Salo|vaara	-	proper	9	-	-	-	-	-
-	Sammal|lahti	-	proper	7	t:d	-	-	-	-
-	Sammel|vuo	-	proper	19	-	-	-	-	-
-	Santa|vuori	-	proper	26	-	-	-	-	-
-	Saras|vuo	-	proper	19	-	-	-	-	-
-	Sara|järvi	-	proper	7	-	-	-	-	-
-	Sarko|maa	-	proper	18	-	-	-	-	-
-	Sarpa|ranta	-	proper	9	nt:nn	-	-	-	-
-	Sillan|pää	-	proper	18	-	-	-	-	-
-	Simo|joki	-	proper	7	k:	-	-	-	-
-	Sini|salo	-	proper	1	-	-	-	-	-
-	Sinne|mäki	-	proper	7	k:	-	-	-	-
-	Sirke|salo	-	proper	1	-	-	-	-	-
-	Soinin|vaara	-	proper	9	-	-	-	-	-
-	Soi|salo	-	proper	1	-	-	-	-	-
-	Somer|joki	-	proper	7	k:	-	-	-	-
-	Somer|salo	-	proper	1	-	-	-	-	-
-	Suo|niemi	-	proper	25	-	-	-	-	-
-	Talvi|tie	-	proper	19	-	-	-	-	-
-	Tammi|lehto	-	proper	1	t:d	-	-	-	-
-	Tapio|vaara	-	proper	9	-	-	-	-	-
-	Tervo|maa	-	proper	18	-	-	-	-	-
-	Tien|suu	-	proper	18	-	-	-	-	-
-	Tuohi|maa	-	proper	18	-	-	-	-	-
-	Turha|puro	-	proper	1	-	-	-	-	-
-	Uusi|mäki	-	proper	7	k:	-	-	-	-
-	Uusi|talo	-	proper	1	-	-	-	-	-
-	Uusi|virta	-	proper	9	rt:rr	-	-	-	-
-	Vaatto|vaara	-	proper	9	-	-	-	-	-
-	Vainion|pää	-	proper	18	-	-	-	-	-
-	Valkea|pää	-	proper	18	-	-	-	-	-
-	Vanha|talo	-	proper	1	-	-	-	-	-
-	Vapaa|vuori	-	proper	26	-	-	-	-	-
-	Vetten|ranta	-	proper	9	nt:nn	-	-	-	-
-	Viita|salo	-	proper	1	-	-	-	-	-
-	Vilja|maa	-	proper	18	-	-	-	-	-
-	Virta|pohja	-	proper	10	-	-	-	-	-
-	Vuoren|maa	-	proper	18	-	-	-	-	-
-	Vuori|maa	-	proper	18	-	-	-	-	-
-	Vuori|salo	-	proper	1	-	-	-	-	-
-	Vähä|söyrinki	-	proper	5	-	-	-	-	-
-	Väki|parta	-	proper	9	rt:rr	-	-	-	-
-	Väli|maa	-	proper	18	-	-	-	-	-
-	Väli|mäki	-	proper	7	k:	-	-	-	-
-	Wallin|heimo	-	proper	1	-	-	-	-	-
-	Wuoli|joki	-	proper	7	k:	-	-	-	-
-	Yli|kangas	-	proper	41	nk:ng	-	-	-	-
-	Yli|pulli	-	proper	5	-	-	-	-	-
-	Yli|pää	-	proper	18	-	-	-	-	-
-	Yli|talo	-	proper	1	-	-	-	-	-
-	Aarnio-Iso|hanni	-	proper	5	-	-	-	-	-
-	Alanko-Kahi|luoto	-	proper	1	t:d	-	-	-	-
Cap	acher	-	proper	6	-	-	-	-	4.000
Cap	adze	-	proper	8	-	-	-	-	4.000
Cap	ajev	-	proper	5	-	-	-	-	-
Cap	ajeva	-	proper	10	-	-	-	-	-
Cap	akis	-	proper	5|†39	-	-	-	-	-
Cap	anov	-	proper	5	-	-	-	-	4.000
Cap	atis	-	proper	5|†39	-	-	-	-	-
Cap	bauer	-	proper	6	-	-	-	-	4.000
Cap	beck	-	proper	5	-	front|back	-	-	4.000
Cap	berg	-	proper	5	-	front|back	-	-	4.000
Cap	blad	-	proper	5	-	-	-	-	4.000
Cap	bladh	-	proper	5	-	-	-	-	4.000
Cap	blatt	-	proper	5	-	-	-	-	4.000
Cap	blom	-	proper	5	-	-	-	-	4.000
Cap	chenko	-	proper	1	-	-	-	-	4.000
Cap	chev	-	proper	5	-	front|back	-	-	4.000
Cap	chuk	-	proper	5	-	-	-	-	4.000
Cap	ckson	-	proper	6	-	-	-	-	4.000
Cap	cká	-	proper	21	-	back	-	-	4.000
Cap	cký	-	proper	21|1	-	front|back	-	-	4.000
Cap	creutz	-	proper	5	-	-	-	-	4.000
Cap	czyk	-	proper	5	-	front|back	-	-	4.000
Cap	dahl	-	proper	5	-	-	-	-	4.000
Cap	dell	-	proper	5	-	front|back	-	-	4.000
Cap	dman	-	proper	5	-	-	-	-	4.000
Cap	dottir	-	proper	6	-	-	-	-	4.000
Cap	dóttir	-	proper	6	-	back	-	-	4.000
Cap	džiev	-	proper	5	-	front|back	-	-	4.000
Cap	erson	-	proper	6	-	-	-	-	4.000
Cap	escu	-	proper	1	-	-	-	-	4.000
Cap	ev	-	proper	1	-	-	-	-	5.000
Cap	evic	-	proper	5	-	front|back	-	-	4.000
Cap	evitš	-	proper	5	-	front|back	-	-	4.000
Cap	evna	-	proper	9	-	-	-	-	4.000
Cap	evá	-	proper	21	-	back	-	-	4.000
Cap	ewicz	-	proper	5	-	front|back	-	-	4.000
Cap	ewska	-	proper	9	-	-	-	-	4.000
Cap	ewski	-	proper	5	-	front|back	-	-	4.000
Cap	feldt	-	proper	5	-	front|back	-	-	4.000
Cap	felt	-	proper	5	-	front|back	-	-	4.000
Cap	fman	-	proper	5	-	-	-	-	4.000
Cap	fsson	-	proper	6	-	-	-	-	4.000
Cap	gaard	-	proper	5	-	-	-	-	4.000
Cap	gman	-	proper	5	-	-	-	-	4.000
Cap	gran	-	proper	6	-	-	-	-	4.000
Cap	gren	-	proper	5	-	front|back	-	-	4.000
Cap	gård	-	proper	5	-	back	-	-	4.000
Cap	holm	-	proper	5	-	-	-	-	4.000
Cap	idze	-	proper	8	-	front|back	-	-	4.000
Cap	iecki	-	proper	5	-	front|back	-	-	4.000
Cap	ijev	-	proper	5	-	-	-	-	4.000
Cap	ijeva	-	proper	9	-	-	-	-	4.000
Cap	ilov	-	proper	5	-	-	-	-	4.000
Cap	imov	-	proper	5	-	-	-	-	4.000
Cap	inger	-	proper	6	-	-	-	-	4.000
Cap	ings	-	proper	5	-	front|back	-	-	4.000
Cap	inov	-	proper	5	-	-	-	-	4.000
Cap	inski	-	proper	5	-	front|back	-	-	4.000
Cap	itš	-	proper	5	-	front|back	-	-	4.000
Cap	ivna	-	proper	9	-	-	-	-	4.000
Cap	ić	-	proper	5	-	front|back	-	-	4.000
Cap	ič	-	proper	5	-	front|back	-	-	4.000
Cap	ksson	-	proper	6	-	-	-	-	4.000
Cap	kvist	-	proper	5	-	front|back	-	-	4.000
Cap	lander	-	proper	6	-	-	-	-	4.000
Cap	lski	-	proper	5	-	front|back	-	-	4.000
Cap	lsson	-	proper	6	-	-	-	-	4.000
Cap	lston	-	proper	6	-	-	-	-	4.000
Cap	lund	-	proper	5	-	-	-	-	4.000
Cap	löf	-	proper	5	-	-	-	-	4.000
Cap	löv	-	proper	5	-	-	-	-	4.000
Cap	löw	-	proper	5	-	-	-	-	4.000
Cap	mann	-	proper	5	-	-	-	-	4.000
Cap	meier	-	proper	6	-	front|back	-	-	4.000
Cap	nder	-	proper	6	-	front|back	-	-	4.000
Cap	nska	-	proper	9|10	-	-	-	-	4.000
Cap	nski	-	proper	5	-	front|back	-	-	4.000
Cap	nsky	-	proper	1	-	front|back	-	-	4.000
Cap	nsson	-	proper	6	-	-	-	-	4.000
Cap	nston	-	proper	6	-	-	-	-	4.000
Cap	ntz	-	proper	5	-	front|back	-	-	4.000
Cap	oglu	-	proper	1	-	-	-	-	4.000
Cap	olov	-	proper	5	-	-	-	-	4.000
Cap	ov	-	proper	1	-	-	-	-	5.000
Cap	ovic	-	proper	5	-	-	-	-	4.000
Cap	ovitš	-	proper	5	-	-	-	-	4.000
Cap	ovna	-	proper	10	-	-	-	-	4.000
Cap	ovski	-	proper	5	-	-	-	-	4.000
Cap	ová	-	proper	21	-	-	-	-	4.000
Cap	owicz	-	proper	5	-	-	-	-	4.000
Cap	owska	-	proper	10	-	-	-	-	4.000
Cap	owski	-	proper	5	-	-	-	-	4.000
Cap	oğlu	-	proper	1	-	-	-	-	4.000
Cap	poulos	-	proper	39|5	-	-	-	-	4.000
Cap	psson	-	proper	6	-	-	-	-	4.000
Cap	pulos	-	proper	39|5	-	-	-	-	4.000
Cap	quist	-	proper	5	-	-	-	-	4.000
Cap	qvist	-	proper	5	-	front|back	-	-	4.000
Cap	roos	-	proper	5	-	-	-	-	4.000
Cap	roth	-	proper	5	-	-	-	-	4.000
Cap	rsson	-	proper	6	-	-	-	-	4.000
Cap	rston	-	proper	6	-	-	-	-	4.000
Cap	sch	-	proper	5	-	front|back	-	-	4.000
Cap	scher	-	proper	6	-	front|back	-	-	4.000
Cap	shenko	-	proper	1	-	-	-	-	4.000
Cap	shev	-	proper	5	-	front|back	-	-	4.000
Cap	shkin	-	proper	5	-	front|back	-	-	4.000
Cap	skaja	-	proper	9|10	-	-	-	-	4.000
Cap	skij	-	proper	22|†5	-	front|back	-	-	4.000
Cap	skiöld	-	proper	5	-	-	-	-	4.000
Cap	skjöld	-	proper	5	-	-	-	-	4.000
Cap	skog	-	proper	5	-	-	-	-	4.000
Cap	skyi	-	proper	18	-	front|back	-	-	4.000
Cap	ská	-	proper	21	-	back	-	-	4.000
Cap	ský	-	proper	21|1	-	front|back	-	-	4.000
Cap	sons	-	proper	5	-	-	-	-	4.000
Cap	stedt	-	proper	5	-	front|back	-	-	4.000
Cap	stein	-	proper	5	-	front|back	-	-	4.000
Cap	sten	-	proper	6	-	front|back	-	-	10.000
Cap	stierna	-	proper	9	-	-	-	-	4.000
Cap	stjerna	-	proper	9	-	-	-	-	4.000
Cap	strom	-	proper	5	-	-	-	-	4.000
Cap	ström	-	proper	5	-	-	-	-	4.000
Cap	sund	-	proper	5	-	-	-	-	4.000
Cap	tski	-	proper	5	-	front|back	-	-	4.000
Cap	tsson	-	proper	6	-	-	-	-	4.000
Cap	tšev	-	proper	5	-	front|back	-	-	4.000
Cap	tško	-	proper	1	-	-	-	-	4.000
Cap	tškov	-	proper	5	-	-	-	-	4.000
Cap	tšuk	-	proper	5	-	-	-	-	4.000
Cap	vich	-	proper	5	-	front|back	-	-	4.000
Cap	vitš	-	proper	5	-	front|back	-	-	4.000
Cap	vičius	-	proper	39|5	-	-	-	-	4.000
Cap	vkov	-	proper	5	-	-	-	-	4.000
Cap	vska	-	proper	9|10	-	-	-	-	4.000
Cap	vski	-	proper	5	-	front|back	-	-	4.000
Cap	vsky	-	proper	1	-	front|back	-	-	4.000
Cap	vytš	-	proper	5	-	front|back	-	-	4.000
Cap	worth	-	proper	5	-	-	-	-	4.000
Cap	wski	-	proper	5	-	front|back	-	-	4.000
Cap	ynski	-	proper	5	-	front|back	-	-	4.000
Cap	zadeh	-	proper	5	-	-	-	-	4.000
Cap	ákis	-	proper	39|5	-	back	-	-	4.000
Cap	én	-	proper	5	-	-	-	-	9.000
Cap	ý	-	proper	21|1	-	front|back	-	-	4.000
Cap	ček	-	proper	5	-	front|back	-	-	4.000
Cap	ński	-	proper	5	-	front|back	-	-	4.000
Cap	šek	-	proper	5	-	front|back	-	-	4.000
Cap	šenka	-	proper	9	-	-	-	-	4.000
Cap	šenko	-	proper	1	-	-	-	-	4.000
Cap	šev	-	proper	5	-	front|back	-	-	4.000
Cap	ševa	-	proper	9|10	-	-	-	-	4.000
Cap	škin	-	proper	5	-	front|back	-	-	4.000
Cap	šova	-	proper	10	-	-	-	-	4.000
Cap	švili	-	proper	5	-	front|back	-	-	4.000
Cap	n|heimo	-	proper	1	-	-	-	-	4.000
